title,price,publisher,author,discount,url,source,page
Paraf Yayınları Paraf Z Takım TYT Coğrafya Garanti Konular Video Soru Bankası,235.0,PARAF Yayınları,Kolektif,0,https://www.bkmkitap.com/paraf-yayinlari-paraf-z-takim-tyt-cografya-garanti-konular-video-soru-bankasi,bkmkitap.com,1
PRF Yayınları Coğrafyanın Kodları Paraf Z Takımı TYT Coğrafya Soru Bankası,315.0,PARAF Yayınları,Kolektif,0,https://www.bkmkitap.com/cografyanin-kodlari-paraf-z-takimi-tyt-cografya-soru-bankasi,bkmkitap.com,1
PRF Yayınları Fizikfinito Paraf Z Takımı TYT Fizik Video Ders Anlatım Kitabı,315.0,PARAF Yayınları,Kolektif,0,https://www.bkmkitap.com/fizikfinito-paraf-z-takimi-tyt-fizik-video-ders-anlatim-kitabi,bkmkitap.com,1
2025 Paragraf Sıfır Risk,269.08,Üç Dört Beş Yayınları,Hamza Kaya,38,https://www.bkmkitap.com/2024-tyt-paragraf-sifir-risk-soru-bankasi-video-cozumlu-uc-dort-bes-yayinlari,bkmkitap.com,1
3D Yayınları 2023 TYT Türkçe Soru Bankası,294.0,3D Yayınları,Asiye Karagöz,30,https://www.bkmkitap.com/2023-tyt-turkce-soru-bankasi-3d-yayinlari,bkmkitap.com,1
Üç Dört Beş Yayınları 2025 TYT Matematik Soru Bankası,272.18,Üç Dört Beş Yayınları,Mehmet Kıvrak,38,https://www.bkmkitap.com/tyt-matematik-soru-bankasi-uc-dort-bes-yayincilik,bkmkitap.com,1
Palme Yayıncılık - Bayilik Palme YKS TYT Biyoloji Soru Kitabı,209.3,Palme Yayıncılık,Banu Karaağaç,30,https://www.bkmkitap.com/tyt-biyoloji-soru-kitabi-palme-yayinlari,bkmkitap.com,1
Rehber Matematik 49 Günde TYT Matematik Kampı,284.0,Rehber Matematik,Kolektif,0,https://www.bkmkitap.com/rehber-matematik-49-gunde-tyt-matematik-kampi-826744,bkmkitap.com,1
TYT Sosyal Bilimler Konu Özeti,148.75,Apotemi Yayınları,Kolektif,15,https://www.bkmkitap.com/tyt-sosyal-bilimler-konu-ozeti-apotemi-yayinlari-573069,bkmkitap.com,1
Hız ve Renk Yayınları TYT AYT KPSS ALES DGS Paragraf Hız Soruları,185.49,Hız ve Renk Yayınları,Göksu Çetin,19,https://www.bkmkitap.com/tyt-ayt-kpss-ales-dgs-paragraf-hiz-sorulari-hiz-ve-renk-yayinlari,bkmkitap.com,1
Acil Yayınları TYT Matematiğin İlacı Soru Bankası,242.19,Acil Yayınları,Kolektif,19,https://www.bkmkitap.com/tyt-matematigin-ilaci-soru-bankasi,bkmkitap.com,1
Bilgi Sarmal Yayınları TYT Fizik Soru Bankası,287.55,Bilgi Sarmal Yayınları,Aras Bulut,19,https://www.bkmkitap.com/tyt-fizik-soru-bankasi-bilgi-sarmal-yayinlari-753144,bkmkitap.com,1
Rehber Matematik 0`dan Matematik,349.0,Rehber Matematik,Rüştü Hoca,0,https://www.bkmkitap.com/rehber-matematik-0dan-matematik,bkmkitap.com,2
Üç Dört Beş Yayınları 2025 TYT Fizik Soru Bankası,280.96,Üç Dört Beş Yayınları,Ümit Akıncı,36,https://www.bkmkitap.com/tyt-fizik-soru-bankasi-uc-dort-bes-yayinlari,bkmkitap.com,2
Üç Dört Beş Yayınları 2025 TYT Türkçe Soru Bankası,272.18,Üç Dört Beş Yayınları,Müslüm Kaplan,38,https://www.bkmkitap.com/tyt-turkce-soru-bankasi-uc-dort-bes-yayinlari,bkmkitap.com,2
Palme Yayıncılık - Bayilik Palme YKS TYT Kimya Soru Kitabı,256.32,Palme Yayıncılık,Hakan Söylemez,28,https://www.bkmkitap.com/tyt-kimya-soru-kitabi-palme-yayinevi,bkmkitap.com,2
3D Yayınları Çözüm 3D TYT Matematik Video Defter Notu,298.2,3D Yayınları,Özgür Balcı,30,https://www.bkmkitap.com/cozum-3d-tyt-matematik-video-defter-notu,bkmkitap.com,2
Orbital Yayınları YKS TYT Kimya Soru Bankası,262.65,Orbital Yayınları,Kolektif,15,https://www.bkmkitap.com/tyt-kimya-orbital-tep-soru-bankasi-orbital-yayinlari,bkmkitap.com,2
Bilgi Sarmal Yayınları TYT AYT Paragraf Soru Bankası,254.15,Bilgi Sarmal Yayınları,Kolektif,15,https://www.bkmkitap.com/tyt-ayt-paragraf-soru-bankasi,bkmkitap.com,2
Apotemi Yayınları TYT Fen Bilimleri Konu Özeti,208.25,Apotemi Yayınları,Kolektif,15,https://www.bkmkitap.com/tyt-fen-bilimleri-konu-ozeti-apotemi-yayinlari,bkmkitap.com,2
Acil Yayınları TYT Matematik Acil Problemler,165.75,Acil Yayınları,Masum Öztürk,15,https://www.bkmkitap.com/tyt-matematik-acil-problemler-acil-yayinlari,bkmkitap.com,2
Antrenmanlarla Matematik 1,282.15,Antrenmanlarla Matematik Yayıncılık,Ahmet Karakoç,43,https://www.bkmkitap.com/antrenmanlarla-matematik-1,bkmkitap.com,2
Acil Yayınları YKS TYT MSÜ KPSS Problemlerin İlacı Tamamı Çözümlü Testler,157.95,Acil Yayınları,Yunus Karakuş,19,https://www.bkmkitap.com/yks-tyt-msu-kpss-problemlerin-ilaci-tamami-cozumlu-testler-acil-yayinlari,bkmkitap.com,2
Orijinal Yayınları YKS TYT Matematik Orijinal Soru Bankası,306.99,Orijinal Yayınları,Zafer Balcı,19,https://www.bkmkitap.com/tyt-orijinal-matematik-soru-bankasi-orijinal-yayinlari-478320,bkmkitap.com,2
Aktif Öğrenme Yayınları Aktif Matematik 0 dan Başlayanlara,266.49,Aktif Öğrenme Yayınları,Mehmet Koç,19,https://www.bkmkitap.com/aktif-matematik-0-dan-baslayanlara-aktif-ogrenme-yayinlari-421532,bkmkitap.com,3
Bilgi Sarmal Yayınları Bilgi Sarmal TYT Türkçe Soru Bankası,254.15,Bilgi Sarmal Yayınları,Serbay Yiğit,15,https://www.bkmkitap.com/bilgi-sarmal-tyt-turkce-soru-bankasi,bkmkitap.com,3
Rehber Matematik 49 Günde TYT Türkçe Video Ders Notları,179.0,Rehber Matematik,Rüştü Hoca,0,https://www.bkmkitap.com/rehber-matematik-49-gunde-tyt-turkce-video-ders-notlari,bkmkitap.com,3
Bilgi Sarmal Yayınları TYT Problemler Soru Bankası,161.19,Bilgi Sarmal Yayınları,Mehmet Karanfil,19,https://www.bkmkitap.com/tyt-problemler-soru-bankasi-757801,bkmkitap.com,3
Bilgi Sarmal Yayınları 2023 TYT Deneme 20` li Sosyal Bilimler,152.15,Bilgi Sarmal Yayınları,Kolektif,15,https://www.bkmkitap.com/2023-tyt-deneme-20-li-sosyal-bilimler-bilgi-sarmal-yayinlari,bkmkitap.com,3
Problemler,203.15,Apotemi Yayınları,Fatih İhtiyaroğlu,15,https://www.bkmkitap.com/tyt-kpss-ales-dgs-msu-problemler-apotemi-yayinlari,bkmkitap.com,3
Benim Hocam Yayınları 2024 TYT Kimya Tamamı Çözümlü Soru Bankası,238.7,Benim Hocam Yayınları,Görkem Şahin,30,https://www.bkmkitap.com/2024-tyt-kimya-tamami-video-cozumlu-soru-bankasi-benim-hocam-yayinlari,bkmkitap.com,3
Mert Hoca Yayınları 2025 TYT 70 Günde Matematik Soru Bankası,299.0,Mert Hoca Yayınları,Mert Hoca,0,https://www.bkmkitap.com/mert-hoca-yayinlari-2025-tyt-70-gunde-matematik-soru-bankasi,bkmkitap.com,3
Benim Hocam Yayınları 2024 TYT Kimya Ders Notları,225.4,Benim Hocam Yayınları,Görkem Şahin,30,https://www.bkmkitap.com/2023-tyt-kimya-video-destekli-konu-anlatimi-benim-hocam-yayinlari,bkmkitap.com,3
Üç Dört Beş Yayınları 2024 TYT Türkçe 12 li Deneme,191.36,Üç Dört Beş Yayınları,Müslüm Kaplan,36,https://www.bkmkitap.com/tyt-12-li-turkce-deneme-uc-dort-bes-yayinlari,bkmkitap.com,3
Bilgi Sarmal Yayınları Bilgi Sarmal TYT Matematik Soru Bankası,322.15,Bilgi Sarmal Yayınları,Kolektif,15,https://www.bkmkitap.com/bilgi-sarmal-tyt-matematik-soru-bankasi,bkmkitap.com,3
Rehber Matematik 49 Günde TYT Matematik Video Ders Notları,219.0,Rehber Matematik,Kolektif,0,https://www.bkmkitap.com/49-gunde-tyt-matematik-video-ders-notlari,bkmkitap.com,3
Antrenmanlarla Geometri 1,297.0,Antrenmanlarla Matematik Yayıncılık,Ahmet Karakoç,40,https://www.bkmkitap.com/antrenmanlarla-geometri-224688,bkmkitap.com,4
KR Akademi Yayınları 2024 Barış Hoca TYT Dr. Biyoloji Soru Bankası,259.0,KR Akademi Yayınları,Barış Kapan,0,https://www.bkmkitap.com/kr-akademi-yayinlari-2024-baris-hoca-tyt-dr-biyoloji-soru-bankasi,bkmkitap.com,4
Aydın Yayınları TYT Kimya Konu Özetli Soru Bankası,266.6,Aydın Yayınları,Ali Dinçsönmez,38,https://www.bkmkitap.com/tyt-kimya-konu-ozetli-soru-bankasi-tamami-video-cozumlu-aydin-yayinlari,bkmkitap.com,4
Acil Yayınları YKS TYT Matematiğin İlacı 12 Deneme,186.15,Acil Yayınları,Yusuf Dinç,15,https://www.bkmkitap.com/tyt-matematigin-ilaci-denemeleri-acil-yayinlari,bkmkitap.com,4
Benim Hocam Yayınları 2024 TYT Türkçe Ders Notları Konu Sonu Testleri İlaveli,183.4,Benim Hocam Yayınları,Kadir Gümüş,30,https://www.bkmkitap.com/2024-tyt-turkce-video-destekli-konu-anlatimi-benim-hocam-yayinlari,bkmkitap.com,4
Aktif Öğrenme Yayınları TYT AYT Geometri 0`dan Başlayanlara,279.65,Aktif Öğrenme Yayınları,Satu Nur Demir,15,https://www.bkmkitap.com/tyt-ayt-geometri-0-dan-baslayanlara-aktif-ogrenme-yayinlari-438146,bkmkitap.com,4
Bilgi Sarmal Yayınları TYT Kontrol 7`li Deneme,276.25,Bilgi Sarmal Yayınları,Kolektif,15,https://www.bkmkitap.com/tyt-kontrol-7li-deneme,bkmkitap.com,4
Üç Dört Beş Yayınları 2025 TYT Kimya Soru Bankası,256.0,Üç Dört Beş Yayınları,Bülent Demir,36,https://www.bkmkitap.com/tyt-kimya-soru-bankasi-uc-dort-bes-yayinlari,bkmkitap.com,4
Benim Hocam Yayınları 2024 TYT Türkçe Tamamı Çözümlü Soru Bankası Konu Tekrar Posteri Hediyeli,262.5,Benim Hocam Yayınları,Kadir Gümüş,30,https://www.bkmkitap.com/2023-tyt-turkce-tamami-video-cozumlu-soru-bankasi-poster-hediyeli,bkmkitap.com,4
3D Yayınları 2023 TYT Matematik Soru Bankası,294.0,3D Yayınları,Özgür Balcı,30,https://www.bkmkitap.com/2024-tyt-matematik-soru-bankasi,bkmkitap.com,4
Limit Yayınları 2023 Kronometre Paragraf Soru Bankası,266.6,Limit Yayınları,Kolektif,38,https://www.bkmkitap.com/kronometre-paragraf-soru-bankasi-limit-yayinlari,bkmkitap.com,4
Üç Dört Beş Yayınları 2025 TYT Biyoloji Soru Bankası,245.76,Üç Dört Beş Yayınları,Erdinç Çakıroğlu,36,https://www.bkmkitap.com/tyt-biyoloji-soru-bankasi-uc-dort-bes-yayinlari,bkmkitap.com,4
Antrenmanlarla Matematik 2,297.0,Antrenmanlarla Matematik Yayıncılık,Ahmet Karakoç,40,https://www.bkmkitap.com/antrenmanlarla-matematik-2,bkmkitap.com,5
Paraf Yayınları TYT IQ Paragraf Soru Kütüphanesi,381.65,PARAF Yayınları,Kolektif,15,https://www.bkmkitap.com/paraf-yayinlari-tyt-iq-paragraf-soru-kutuphanesi,bkmkitap.com,5
Miray Yayınları Miray TYT Matematik Soru Bankası,269.5,Miray Yayınları,Kolektif,30,https://www.bkmkitap.com/miray-tyt-matematik-soru-bankasi,bkmkitap.com,5
Acil Yayınları TYT Matematik Soru Bankası,339.15,Acil Yayınları,Kolektif,15,https://www.bkmkitap.com/acil-yayinlari-tyt-matematik-soru-bankasi,bkmkitap.com,5
KR Akademi Yayınları Barış Hoca TYT Dr. Biyoloji Video Ders Kitabı,129.0,KR Akademi Yayınları,Barış Kapan,0,https://www.bkmkitap.com/baris-hoca-tyt-dr-biyoloji-video-ders-kitabi,bkmkitap.com,5
Benim Hocam Yayınları TYT - KPSS Taktiklerle Dil Bilgisi Tamamı Video Çözümlü Soru Bankası,183.4,Benim Hocam Yayınları,Kadir Gümüş,30,https://www.bkmkitap.com/2023-tyt-kpss-taktiklerle-dil-bilgisi-tamami-video-cozumlu-soru-bankasi-benim-hocam-yayinlari,bkmkitap.com,5
Miray Yayınları TYT Kimya Konu Özetli Soru Bankası,236.84,Miray Yayınları,Selin Candır,38,https://www.bkmkitap.com/tyt-kimya-soru-bankasi-miray-yayinlari,bkmkitap.com,5
Aktif Öğrenme Yayınları AYT Aktif Matematik 0 dan Başlayanlara,279.65,Aktif Öğrenme Yayınları,Mehmet Koç,15,https://www.bkmkitap.com/ayt-aktif-matematik-0-dan-baslayanlara-aktif-ogrenme-yayinlari,bkmkitap.com,5
3D Yayınları 2025 TYT Fizik Soru Bankası,260.4,3D Yayınları,Alper Emrah Gümüş,30,https://www.bkmkitap.com/2023-tyt-fizik-soru-bankasi-3d-yayinlari,bkmkitap.com,5
Bilgi Sarmal Yayınları TYT Türkçe 12 li Yıldızlar Yarışıyor Branş Denemesi,174.25,Bilgi Sarmal Yayınları,Kolektif,15,https://www.bkmkitap.com/bilgi-sarmal-yayinlari-tyt-turkce-12-li-yildizlar-yarisiyor-brans-denemesi,bkmkitap.com,5
3D Yayınları TYT Sosyal Bilimler Simülasyon Denemeleri,119.0,3D Yayınları,Kolektif,30,https://www.bkmkitap.com/tyt-sosyal-bilimler-simulasyon-denemeleri,bkmkitap.com,5
2024 TYT Coğrafya Tamamı Çözümlü Soru Bankası Öğrenme Pekiştirme Kendini Deneme Testleri Benim Hocam Yayınları,186.2,Benim Hocam Yayınları,Bayram Meral,30,https://www.bkmkitap.com/2023-tyt-cografya-tamami-video-cozumlu-soru-bankasi-benim-hocam-yayinlari,bkmkitap.com,5
