title,price,publisher,stock,source,page
Hoca Kafası YKS TYT Fen Bilimleri FKB 10 Deneme Hoca Kafası Yayınları,35.94,Hoca Kafası Yayınları,Stokta Yok,indekskitap.com,1
Yönerge YKS TYT AYT KPSS ALES DGS MSÜ Muhtemel Paragraf 25x5 Deneme Çözümlü Yönerge Yayınları,29.5,Yönerge Yayınları,Stokta Yok,indekskitap.com,1
Hoca Kafası YKS TYT AYT Din Kültürü ve Ahlak Bilgisi Kafala Soru Bankası Çözümlü - Rümeysa Enise Özdemir Hoca Kafası Yayınları,78.0,Hoca Kafası Yayınları,Stokta Yok,indekskitap.com,1
İndeks Akademi 2025 KPSS MEB-AGS TYT AYT Tarih Yorum Sizin Soru Bankası Çözümlü - Aydın Yüce İndeks Akademi Yayıncılık,77.88,İndeks Akademi Yayıncılık,Stokta Yok,indekskitap.com,1
Hoca Kafası YKS TYT Matematik Soru Bankası Çözümlü - Şükrü Akkoyun Hoca Kafası Yayınları,264.0,Hoca Kafası Yayınları,Stokta Yok,indekskitap.com,1
Hoca Kafası YKS TYT Problemler Problemi Kafala Soru Bankası Video Çözümlü - Soner Köse Hoca Kafası Yayınları,90.0,Hoca Kafası Yayınları,Stokta Yok,indekskitap.com,1
Hoca Kafası YKS TYT Dil Bilgisi Pro Soru Bankası Çözümlü - Önder Dönmez Hoca Kafası Yayınları,180.0,Hoca Kafası Yayınları,Stokta Yok,indekskitap.com,1
Hoca Kafası 2025 KPSS TYT Dil Bilgisini Kafala Soru Bankası Çözümlü - Öznur Saat Yıldırım Hoca Kafası Yayınları,196.0,Hoca Kafası Yayınları,Stokta Yok,indekskitap.com,1
Hoca Kafası YKS TYT Dil Bilgisi Konu Anlatımlı Soru Bankası Çözümlü - Onur Soğuk Hoca Kafası Yayınları,90.0,Hoca Kafası Yayınları,Stokta Yok,indekskitap.com,1
İndeks Akademi 2025 KPSS DGS ALES TYT Aktüel Paragraf Soru Bankası Çözümlü - Berk Ekici İndeks Akademi Yayıncılık,100.3,İndeks Akademi Yayıncılık,Stokta Yok,indekskitap.com,1
Hoca Kafası + İndeks 2025 KPSS TYT ALES DGS Paragrafı Kafala Soru Bankası 2 li Set - Öznur Saat Yıldırım Hoca Kafası + İndeks Akademi Yayınları,247.5,Hoca Kafası Yayınları,Stokta Yok,indekskitap.com,1
Hoca Kafası + İndeks 2025 KPSS TYT ALES DGS Soyut Paragraf Soru Bankası 2 li Set - Öznur Saat Yıldırım Hoca Kafası + İndeks Akademi Yayınları,203.5,Hoca Kafası Yayınları,Stokta Yok,indekskitap.com,1
Hoca Kafası 2025 KPSS TYT ALES DGS Paragrafı Kafala Soru Bankası Çözümlü - Öznur Saat Yıldırım Hoca Kafası Yayınları,196.0,Hoca Kafası Yayınları,Stokta Yok,indekskitap.com,1
Hoca Kafası 2025 KPSS TYT ALES DGS Soyut Paragraf Soru Bankası Video Çözümlü - Öznur Saat Yıldırım Hoca Kafası Yayınları,140.0,Hoca Kafası Yayınları,Stokta Yok,indekskitap.com,1
Hoca Kafası YKS TYT Paragrafın Piri Soru Bankası Çözümlü - Öznur Fırat Hoca Kafası Yayınları,132.0,Hoca Kafası Yayınları,Stokta Yok,indekskitap.com,1
Yönerge KPSS TYT ALES DGS MSÜ Bilimsel Metinlerle Paragraf Soru Bankası - Galip Turan Yönerge Yayınları,106.2,Yönerge Yayınları,Stokta Yok,indekskitap.com,1
Yönerge TYT Paragraf Soru + 5 Deneme 2 li Set Yönerge Yayınları,118.0,Yönerge Yayınları,Stokta Yok,indekskitap.com,1
Yönerge YKS TYT Muhtemel Paragraf Konu Özetli Soru Bankası Yönerge Yayınları,88.5,Yönerge Yayınları,Stokta Yok,indekskitap.com,1
Yönerge TYT AYT KPSS ALES DGS MSÜ Paragrafmatik Soru Bankası - Cenan Balcı Yönerge Yayınları,123.9,Yönerge Yayınları,Stokta Yok,indekskitap.com,1
Altın Anahtar Paragraf 500 Soru Bankası Altın Anahtar Yayınları,168.75,Altın Anahtar Yayınları,Stokta Yok,indekskitap.com,1
Pegem YKS TYT Tarih Yaprak Test Pegem Akademi Yayınları,56.25,Pegem Yayınları (Orta-Lise),Stokta Yok,indekskitap.com,1
Özdebir YKS TYT Tarih Yaprak Test Özdebir Yayınları,72.25,Özdebir Yayınları,Stokta Yok,indekskitap.com,1
Pegem YKS TYT Biyoloji Yaprak Test Pegem Akademi Yayınları,60.0,Pegem Yayınları (Orta-Lise),Stokta Yok,indekskitap.com,1
Nitelik YKS TYT Biyoloji Yaprak Test Nitelik Yayınları,45.15,Nitelik Yayınları (YKS),Stokta Yok,indekskitap.com,1
Özdebir YKS TYT Biyoloji Yaprak Test Özdebir Yayınları,72.25,Özdebir Yayınları,Stokta Yok,indekskitap.com,1
Pergel YKS TYT Biyoloji Çek Kopar Testleri Pergel Yayınları,57.85,Pergel Yayınları,Stokta Yok,indekskitap.com,1
Nitelik YKS TYT AYT Biyoloji Yaprak Test Nitelik Yayınları,71.4,Nitelik Yayınları (YKS),Stokta Yok,indekskitap.com,1
Pegem YKS TYT Fizik Yaprak Test Pegem Akademi Yayınları,41.25,Pegem Yayınları (Orta-Lise),Stokta Yok,indekskitap.com,1
SÜPER FİYAT - Eğitim Dünyası YKS TYT Fizik Yaprak Test Eğitim Dünyası Yayınları,8.25,Eğitim Dünyası Yayınları,Stokta Yok,indekskitap.com,1
Özdebir YKS TYT Fizik Yaprak Test Özdebir Yayınları,85.0,Özdebir Yayınları,Stokta Yok,indekskitap.com,1
Nitelik YKS TYT Fizik Yaprak Test Nitelik Yayınları,80.5,Nitelik Yayınları (YKS),Stokta Yok,indekskitap.com,1
Pegem YKS TYT Türkçe Yaprak Test Pegem Akademi Yayınları,112.5,Pegem Yayınları (Orta-Lise),Stokta Yok,indekskitap.com,1
Tümler YKS TYT Türkçe Yaprak Test Video Çözümlü Tümler Yayınları,55.0,Tümler Yayınları,Stokta Yok,indekskitap.com,1
Özdebir YKS TYT Türkçe Yaprak Test Özdebir Yayınları,93.5,Özdebir Yayınları,Stokta Yok,indekskitap.com,1
Nitelik YKS TYT Türkçe Yaprak Test Nitelik Yayınları,71.4,Nitelik Yayınları (YKS),Stokta Yok,indekskitap.com,1
Pegem YKS TYT AYT Felsefe Yaprak Test Pegem Akademi Yayınları,37.5,Pegem Yayınları (Orta-Lise),Stokta Yok,indekskitap.com,1
SÜPER FİYAT - Eğitim Dünyası YKS TYT Felsefe Yaprak Test Eğitim Dünyası Yayınları,8.25,Eğitim Dünyası Yayınları,Stokta Yok,indekskitap.com,1
Özdebir YKS TYT Felsefe Yaprak Test Özdebir Yayınları,59.5,Özdebir Yayınları,Stokta Yok,indekskitap.com,1
Pergel YKS TYT AYT Felsefe Çek Kopar Testleri Pergel Yayınları,57.85,Pergel Yayınları,Stokta Yok,indekskitap.com,1
Tümler YKS TYT Kimya Yaprak Test Video Çözümlü Tümler Yayınları,45.0,Tümler Yayınları,Stokta Yok,indekskitap.com,1
Özdebir YKS TYT Kimya Yaprak Test Özdebir Yayınları,85.0,Özdebir Yayınları,Stokta Yok,indekskitap.com,1
Miray YKS TYT Kimya Çek Kopar Yaprak Test Miray Yayınları,153.6,Miray Yayınları,Stokta Yok,indekskitap.com,1
Pergel YKS TYT Kimya Çek Kopar Testleri Pergel Yayınları,57.85,Pergel Yayınları,Stokta Yok,indekskitap.com,1
Nitelik YKS TYT AYT Kimya Yaprak Test Nitelik Yayınları,80.5,Nitelik Yayınları (YKS),Stokta Yok,indekskitap.com,1
Pegem YKS TYT Matematik Yaprak Test Pegem Akademi Yayınları,71.25,Pegem Yayınları (Orta-Lise),Stokta Yok,indekskitap.com,1
Yediiklim TYT KPSS ALES DGS Keyifli Matematik Yaprak Test Çözümlü Yediiklim Yayınları,140.16,Yediiklim Yayınları,Stokta Yok,indekskitap.com,1
Özdebir YKS TYT Matematik Yaprak Test Özdebir Yayınları,85.0,Özdebir Yayınları,Stokta Yok,indekskitap.com,1
Gür Model YKS TYT Matematik Fasikülleri Yaprak Test Gür Model Yayınları,95.25,Gür Yayınları,Stokta Yok,indekskitap.com,1
Nitelik YKS TYT Matematik Yaprak Test Nitelik Yayınları,71.4,Nitelik Yayınları (YKS),Stokta Yok,indekskitap.com,1
Pegem YKS TYT AYT Geometri Yaprak Test Pegem Akademi Yayınları,90.0,Pegem Yayınları (Orta-Lise),Stokta Yok,indekskitap.com,1
Tümler YKS TYT AYT Geometri Yaprak Test Video Çözümlü Tümler Yayınları,55.0,Tümler Yayınları,Stokta Yok,indekskitap.com,1
SÜPER FİYAT - Eğitim Dünyası YKS TYT AYT Geometri Yaprak Test Eğitim Dünyası Yayınları,14.0,Eğitim Dünyası Yayınları,Stokta Yok,indekskitap.com,1
Nitelik YKS TYT AYT Geometri Yaprak Test Nitelik Yayınları,77.7,Nitelik Yayınları (YKS),Stokta Yok,indekskitap.com,1
SÜPER FİYAT - Eğitim Vadisi YKS TYT Geometri Multi Test Soru Bankası Eğitim Vadisi Yayınları,18.53,Eğitim Vadisi (SÜPER FİYAT),Stokta Yok,indekskitap.com,1
Özdebir YKS TYT Coğrafya Yaprak Test Özdebir Yayınları,72.25,Özdebir Yayınları,Stokta Yok,indekskitap.com,1
Nitelik YKS TYT AYT Coğrafya Yaprak Test Nitelik Yayınları,53.55,Nitelik Yayınları (YKS),Stokta Yok,indekskitap.com,1
Liderler Karması 2021 YKS TYT Çıkmış Sorular Çözümlü Liderler Karması,22.1,Liderler Karması,Stokta Yok,indekskitap.com,1
Liderler Karması 2020 YKS TYT Çıkmış Sorular Çözümlü Liderler Karması,22.1,Liderler Karması,Stokta Yok,indekskitap.com,1
Liderler Karması 2022 YKS TYT Çıkmış Sorular Çözümlü Liderler Karması,22.1,Liderler Karması,Stokta Yok,indekskitap.com,1
Liderler Karması 2023 YKS TYT Çıkmış Sorular Çözümlü Liderler Karması,22.1,Liderler Karması,Stokta Yok,indekskitap.com,1
Hoca Kafası YKS TYT Fen Bilimleri FKB 10 Deneme Hoca Kafası Yayınları,35.94,Hoca Kafası Yayınları,Stokta Yok,indekskitap.com,2
Yönerge YKS TYT AYT KPSS ALES DGS MSÜ Muhtemel Paragraf 25x5 Deneme Çözümlü Yönerge Yayınları,29.5,Yönerge Yayınları,Stokta Yok,indekskitap.com,2
Hoca Kafası YKS TYT AYT Din Kültürü ve Ahlak Bilgisi Kafala Soru Bankası Çözümlü - Rümeysa Enise Özdemir Hoca Kafası Yayınları,78.0,Hoca Kafası Yayınları,Stokta Yok,indekskitap.com,2
İndeks Akademi 2025 KPSS MEB-AGS TYT AYT Tarih Yorum Sizin Soru Bankası Çözümlü - Aydın Yüce İndeks Akademi Yayıncılık,77.88,İndeks Akademi Yayıncılık,Stokta Yok,indekskitap.com,2
Hoca Kafası YKS TYT Matematik Soru Bankası Çözümlü - Şükrü Akkoyun Hoca Kafası Yayınları,264.0,Hoca Kafası Yayınları,Stokta Yok,indekskitap.com,2
Hoca Kafası YKS TYT Problemler Problemi Kafala Soru Bankası Video Çözümlü - Soner Köse Hoca Kafası Yayınları,90.0,Hoca Kafası Yayınları,Stokta Yok,indekskitap.com,2
Hoca Kafası YKS TYT Dil Bilgisi Pro Soru Bankası Çözümlü - Önder Dönmez Hoca Kafası Yayınları,180.0,Hoca Kafası Yayınları,Stokta Yok,indekskitap.com,2
Hoca Kafası 2025 KPSS TYT Dil Bilgisini Kafala Soru Bankası Çözümlü - Öznur Saat Yıldırım Hoca Kafası Yayınları,196.0,Hoca Kafası Yayınları,Stokta Yok,indekskitap.com,2
Hoca Kafası YKS TYT Dil Bilgisi Konu Anlatımlı Soru Bankası Çözümlü - Onur Soğuk Hoca Kafası Yayınları,90.0,Hoca Kafası Yayınları,Stokta Yok,indekskitap.com,2
İndeks Akademi 2025 KPSS DGS ALES TYT Aktüel Paragraf Soru Bankası Çözümlü - Berk Ekici İndeks Akademi Yayıncılık,100.3,İndeks Akademi Yayıncılık,Stokta Yok,indekskitap.com,2
Hoca Kafası + İndeks 2025 KPSS TYT ALES DGS Paragrafı Kafala Soru Bankası 2 li Set - Öznur Saat Yıldırım Hoca Kafası + İndeks Akademi Yayınları,247.5,Hoca Kafası Yayınları,Stokta Yok,indekskitap.com,2
Hoca Kafası + İndeks 2025 KPSS TYT ALES DGS Soyut Paragraf Soru Bankası 2 li Set - Öznur Saat Yıldırım Hoca Kafası + İndeks Akademi Yayınları,203.5,Hoca Kafası Yayınları,Stokta Yok,indekskitap.com,2
Hoca Kafası 2025 KPSS TYT ALES DGS Paragrafı Kafala Soru Bankası Çözümlü - Öznur Saat Yıldırım Hoca Kafası Yayınları,196.0,Hoca Kafası Yayınları,Stokta Yok,indekskitap.com,2
Hoca Kafası 2025 KPSS TYT ALES DGS Soyut Paragraf Soru Bankası Video Çözümlü - Öznur Saat Yıldırım Hoca Kafası Yayınları,140.0,Hoca Kafası Yayınları,Stokta Yok,indekskitap.com,2
Hoca Kafası YKS TYT Paragrafın Piri Soru Bankası Çözümlü - Öznur Fırat Hoca Kafası Yayınları,132.0,Hoca Kafası Yayınları,Stokta Yok,indekskitap.com,2
Yönerge KPSS TYT ALES DGS MSÜ Bilimsel Metinlerle Paragraf Soru Bankası - Galip Turan Yönerge Yayınları,106.2,Yönerge Yayınları,Stokta Yok,indekskitap.com,2
Yönerge TYT Paragraf Soru + 5 Deneme 2 li Set Yönerge Yayınları,118.0,Yönerge Yayınları,Stokta Yok,indekskitap.com,2
Yönerge YKS TYT Muhtemel Paragraf Konu Özetli Soru Bankası Yönerge Yayınları,88.5,Yönerge Yayınları,Stokta Yok,indekskitap.com,2
Yönerge TYT AYT KPSS ALES DGS MSÜ Paragrafmatik Soru Bankası - Cenan Balcı Yönerge Yayınları,123.9,Yönerge Yayınları,Stokta Yok,indekskitap.com,2
Altın Anahtar Paragraf 500 Soru Bankası Altın Anahtar Yayınları,168.75,Altın Anahtar Yayınları,Stokta Yok,indekskitap.com,2
Pegem YKS TYT Tarih Yaprak Test Pegem Akademi Yayınları,56.25,Pegem Yayınları (Orta-Lise),Stokta Yok,indekskitap.com,2
Özdebir YKS TYT Tarih Yaprak Test Özdebir Yayınları,72.25,Özdebir Yayınları,Stokta Yok,indekskitap.com,2
Pegem YKS TYT Biyoloji Yaprak Test Pegem Akademi Yayınları,60.0,Pegem Yayınları (Orta-Lise),Stokta Yok,indekskitap.com,2
Nitelik YKS TYT Biyoloji Yaprak Test Nitelik Yayınları,45.15,Nitelik Yayınları (YKS),Stokta Yok,indekskitap.com,2
Özdebir YKS TYT Biyoloji Yaprak Test Özdebir Yayınları,72.25,Özdebir Yayınları,Stokta Yok,indekskitap.com,2
Pergel YKS TYT Biyoloji Çek Kopar Testleri Pergel Yayınları,57.85,Pergel Yayınları,Stokta Yok,indekskitap.com,2
Nitelik YKS TYT AYT Biyoloji Yaprak Test Nitelik Yayınları,71.4,Nitelik Yayınları (YKS),Stokta Yok,indekskitap.com,2
Pegem YKS TYT Fizik Yaprak Test Pegem Akademi Yayınları,41.25,Pegem Yayınları (Orta-Lise),Stokta Yok,indekskitap.com,2
SÜPER FİYAT - Eğitim Dünyası YKS TYT Fizik Yaprak Test Eğitim Dünyası Yayınları,8.25,Eğitim Dünyası Yayınları,Stokta Yok,indekskitap.com,2
Özdebir YKS TYT Fizik Yaprak Test Özdebir Yayınları,85.0,Özdebir Yayınları,Stokta Yok,indekskitap.com,2
Nitelik YKS TYT Fizik Yaprak Test Nitelik Yayınları,80.5,Nitelik Yayınları (YKS),Stokta Yok,indekskitap.com,2
Pegem YKS TYT Türkçe Yaprak Test Pegem Akademi Yayınları,112.5,Pegem Yayınları (Orta-Lise),Stokta Yok,indekskitap.com,2
Tümler YKS TYT Türkçe Yaprak Test Video Çözümlü Tümler Yayınları,55.0,Tümler Yayınları,Stokta Yok,indekskitap.com,2
Özdebir YKS TYT Türkçe Yaprak Test Özdebir Yayınları,93.5,Özdebir Yayınları,Stokta Yok,indekskitap.com,2
Nitelik YKS TYT Türkçe Yaprak Test Nitelik Yayınları,71.4,Nitelik Yayınları (YKS),Stokta Yok,indekskitap.com,2
Pegem YKS TYT AYT Felsefe Yaprak Test Pegem Akademi Yayınları,37.5,Pegem Yayınları (Orta-Lise),Stokta Yok,indekskitap.com,2
SÜPER FİYAT - Eğitim Dünyası YKS TYT Felsefe Yaprak Test Eğitim Dünyası Yayınları,8.25,Eğitim Dünyası Yayınları,Stokta Yok,indekskitap.com,2
Özdebir YKS TYT Felsefe Yaprak Test Özdebir Yayınları,59.5,Özdebir Yayınları,Stokta Yok,indekskitap.com,2
Pergel YKS TYT AYT Felsefe Çek Kopar Testleri Pergel Yayınları,57.85,Pergel Yayınları,Stokta Yok,indekskitap.com,2
Tümler YKS TYT Kimya Yaprak Test Video Çözümlü Tümler Yayınları,45.0,Tümler Yayınları,Stokta Yok,indekskitap.com,2
Özdebir YKS TYT Kimya Yaprak Test Özdebir Yayınları,85.0,Özdebir Yayınları,Stokta Yok,indekskitap.com,2
Miray YKS TYT Kimya Çek Kopar Yaprak Test Miray Yayınları,153.6,Miray Yayınları,Stokta Yok,indekskitap.com,2
Pergel YKS TYT Kimya Çek Kopar Testleri Pergel Yayınları,57.85,Pergel Yayınları,Stokta Yok,indekskitap.com,2
Nitelik YKS TYT AYT Kimya Yaprak Test Nitelik Yayınları,80.5,Nitelik Yayınları (YKS),Stokta Yok,indekskitap.com,2
Pegem YKS TYT Matematik Yaprak Test Pegem Akademi Yayınları,71.25,Pegem Yayınları (Orta-Lise),Stokta Yok,indekskitap.com,2
Yediiklim TYT KPSS ALES DGS Keyifli Matematik Yaprak Test Çözümlü Yediiklim Yayınları,140.16,Yediiklim Yayınları,Stokta Yok,indekskitap.com,2
Özdebir YKS TYT Matematik Yaprak Test Özdebir Yayınları,85.0,Özdebir Yayınları,Stokta Yok,indekskitap.com,2
Gür Model YKS TYT Matematik Fasikülleri Yaprak Test Gür Model Yayınları,95.25,Gür Yayınları,Stokta Yok,indekskitap.com,2
Nitelik YKS TYT Matematik Yaprak Test Nitelik Yayınları,71.4,Nitelik Yayınları (YKS),Stokta Yok,indekskitap.com,2
Pegem YKS TYT AYT Geometri Yaprak Test Pegem Akademi Yayınları,90.0,Pegem Yayınları (Orta-Lise),Stokta Yok,indekskitap.com,2
Tümler YKS TYT AYT Geometri Yaprak Test Video Çözümlü Tümler Yayınları,55.0,Tümler Yayınları,Stokta Yok,indekskitap.com,2
SÜPER FİYAT - Eğitim Dünyası YKS TYT AYT Geometri Yaprak Test Eğitim Dünyası Yayınları,14.0,Eğitim Dünyası Yayınları,Stokta Yok,indekskitap.com,2
Nitelik YKS TYT AYT Geometri Yaprak Test Nitelik Yayınları,77.7,Nitelik Yayınları (YKS),Stokta Yok,indekskitap.com,2
SÜPER FİYAT - Eğitim Vadisi YKS TYT Geometri Multi Test Soru Bankası Eğitim Vadisi Yayınları,18.53,Eğitim Vadisi (SÜPER FİYAT),Stokta Yok,indekskitap.com,2
Özdebir YKS TYT Coğrafya Yaprak Test Özdebir Yayınları,72.25,Özdebir Yayınları,Stokta Yok,indekskitap.com,2
Nitelik YKS TYT AYT Coğrafya Yaprak Test Nitelik Yayınları,53.55,Nitelik Yayınları (YKS),Stokta Yok,indekskitap.com,2
Liderler Karması 2021 YKS TYT Çıkmış Sorular Çözümlü Liderler Karması,22.1,Liderler Karması,Stokta Yok,indekskitap.com,2
Liderler Karması 2020 YKS TYT Çıkmış Sorular Çözümlü Liderler Karması,22.1,Liderler Karması,Stokta Yok,indekskitap.com,2
Liderler Karması 2022 YKS TYT Çıkmış Sorular Çözümlü Liderler Karması,22.1,Liderler Karması,Stokta Yok,indekskitap.com,2
Liderler Karması 2023 YKS TYT Çıkmış Sorular Çözümlü Liderler Karması,22.1,Liderler Karması,Stokta Yok,indekskitap.com,2
Hoca Kafası YKS TYT Fen Bilimleri FKB 10 Deneme Hoca Kafası Yayınları,35.94,Hoca Kafası Yayınları,Stokta Yok,indekskitap.com,3
Yönerge YKS TYT AYT KPSS ALES DGS MSÜ Muhtemel Paragraf 25x5 Deneme Çözümlü Yönerge Yayınları,29.5,Yönerge Yayınları,Stokta Yok,indekskitap.com,3
Hoca Kafası YKS TYT AYT Din Kültürü ve Ahlak Bilgisi Kafala Soru Bankası Çözümlü - Rümeysa Enise Özdemir Hoca Kafası Yayınları,78.0,Hoca Kafası Yayınları,Stokta Yok,indekskitap.com,3
İndeks Akademi 2025 KPSS MEB-AGS TYT AYT Tarih Yorum Sizin Soru Bankası Çözümlü - Aydın Yüce İndeks Akademi Yayıncılık,77.88,İndeks Akademi Yayıncılık,Stokta Yok,indekskitap.com,3
Hoca Kafası YKS TYT Matematik Soru Bankası Çözümlü - Şükrü Akkoyun Hoca Kafası Yayınları,264.0,Hoca Kafası Yayınları,Stokta Yok,indekskitap.com,3
Hoca Kafası YKS TYT Problemler Problemi Kafala Soru Bankası Video Çözümlü - Soner Köse Hoca Kafası Yayınları,90.0,Hoca Kafası Yayınları,Stokta Yok,indekskitap.com,3
Hoca Kafası YKS TYT Dil Bilgisi Pro Soru Bankası Çözümlü - Önder Dönmez Hoca Kafası Yayınları,180.0,Hoca Kafası Yayınları,Stokta Yok,indekskitap.com,3
Hoca Kafası 2025 KPSS TYT Dil Bilgisini Kafala Soru Bankası Çözümlü - Öznur Saat Yıldırım Hoca Kafası Yayınları,196.0,Hoca Kafası Yayınları,Stokta Yok,indekskitap.com,3
Hoca Kafası YKS TYT Dil Bilgisi Konu Anlatımlı Soru Bankası Çözümlü - Onur Soğuk Hoca Kafası Yayınları,90.0,Hoca Kafası Yayınları,Stokta Yok,indekskitap.com,3
İndeks Akademi 2025 KPSS DGS ALES TYT Aktüel Paragraf Soru Bankası Çözümlü - Berk Ekici İndeks Akademi Yayıncılık,100.3,İndeks Akademi Yayıncılık,Stokta Yok,indekskitap.com,3
Hoca Kafası + İndeks 2025 KPSS TYT ALES DGS Paragrafı Kafala Soru Bankası 2 li Set - Öznur Saat Yıldırım Hoca Kafası + İndeks Akademi Yayınları,247.5,Hoca Kafası Yayınları,Stokta Yok,indekskitap.com,3
Hoca Kafası + İndeks 2025 KPSS TYT ALES DGS Soyut Paragraf Soru Bankası 2 li Set - Öznur Saat Yıldırım Hoca Kafası + İndeks Akademi Yayınları,203.5,Hoca Kafası Yayınları,Stokta Yok,indekskitap.com,3
Hoca Kafası 2025 KPSS TYT ALES DGS Paragrafı Kafala Soru Bankası Çözümlü - Öznur Saat Yıldırım Hoca Kafası Yayınları,196.0,Hoca Kafası Yayınları,Stokta Yok,indekskitap.com,3
Hoca Kafası 2025 KPSS TYT ALES DGS Soyut Paragraf Soru Bankası Video Çözümlü - Öznur Saat Yıldırım Hoca Kafası Yayınları,140.0,Hoca Kafası Yayınları,Stokta Yok,indekskitap.com,3
Hoca Kafası YKS TYT Paragrafın Piri Soru Bankası Çözümlü - Öznur Fırat Hoca Kafası Yayınları,132.0,Hoca Kafası Yayınları,Stokta Yok,indekskitap.com,3
Yönerge KPSS TYT ALES DGS MSÜ Bilimsel Metinlerle Paragraf Soru Bankası - Galip Turan Yönerge Yayınları,106.2,Yönerge Yayınları,Stokta Yok,indekskitap.com,3
Yönerge TYT Paragraf Soru + 5 Deneme 2 li Set Yönerge Yayınları,118.0,Yönerge Yayınları,Stokta Yok,indekskitap.com,3
Yönerge YKS TYT Muhtemel Paragraf Konu Özetli Soru Bankası Yönerge Yayınları,88.5,Yönerge Yayınları,Stokta Yok,indekskitap.com,3
Yönerge TYT AYT KPSS ALES DGS MSÜ Paragrafmatik Soru Bankası - Cenan Balcı Yönerge Yayınları,123.9,Yönerge Yayınları,Stokta Yok,indekskitap.com,3
Altın Anahtar Paragraf 500 Soru Bankası Altın Anahtar Yayınları,168.75,Altın Anahtar Yayınları,Stokta Yok,indekskitap.com,3
Pegem YKS TYT Tarih Yaprak Test Pegem Akademi Yayınları,56.25,Pegem Yayınları (Orta-Lise),Stokta Yok,indekskitap.com,3
Özdebir YKS TYT Tarih Yaprak Test Özdebir Yayınları,72.25,Özdebir Yayınları,Stokta Yok,indekskitap.com,3
Pegem YKS TYT Biyoloji Yaprak Test Pegem Akademi Yayınları,60.0,Pegem Yayınları (Orta-Lise),Stokta Yok,indekskitap.com,3
Nitelik YKS TYT Biyoloji Yaprak Test Nitelik Yayınları,45.15,Nitelik Yayınları (YKS),Stokta Yok,indekskitap.com,3
Özdebir YKS TYT Biyoloji Yaprak Test Özdebir Yayınları,72.25,Özdebir Yayınları,Stokta Yok,indekskitap.com,3
Pergel YKS TYT Biyoloji Çek Kopar Testleri Pergel Yayınları,57.85,Pergel Yayınları,Stokta Yok,indekskitap.com,3
Nitelik YKS TYT AYT Biyoloji Yaprak Test Nitelik Yayınları,71.4,Nitelik Yayınları (YKS),Stokta Yok,indekskitap.com,3
Pegem YKS TYT Fizik Yaprak Test Pegem Akademi Yayınları,41.25,Pegem Yayınları (Orta-Lise),Stokta Yok,indekskitap.com,3
SÜPER FİYAT - Eğitim Dünyası YKS TYT Fizik Yaprak Test Eğitim Dünyası Yayınları,8.25,Eğitim Dünyası Yayınları,Stokta Yok,indekskitap.com,3
Özdebir YKS TYT Fizik Yaprak Test Özdebir Yayınları,85.0,Özdebir Yayınları,Stokta Yok,indekskitap.com,3
Nitelik YKS TYT Fizik Yaprak Test Nitelik Yayınları,80.5,Nitelik Yayınları (YKS),Stokta Yok,indekskitap.com,3
Pegem YKS TYT Türkçe Yaprak Test Pegem Akademi Yayınları,112.5,Pegem Yayınları (Orta-Lise),Stokta Yok,indekskitap.com,3
Tümler YKS TYT Türkçe Yaprak Test Video Çözümlü Tümler Yayınları,55.0,Tümler Yayınları,Stokta Yok,indekskitap.com,3
Özdebir YKS TYT Türkçe Yaprak Test Özdebir Yayınları,93.5,Özdebir Yayınları,Stokta Yok,indekskitap.com,3
Nitelik YKS TYT Türkçe Yaprak Test Nitelik Yayınları,71.4,Nitelik Yayınları (YKS),Stokta Yok,indekskitap.com,3
Pegem YKS TYT AYT Felsefe Yaprak Test Pegem Akademi Yayınları,37.5,Pegem Yayınları (Orta-Lise),Stokta Yok,indekskitap.com,3
SÜPER FİYAT - Eğitim Dünyası YKS TYT Felsefe Yaprak Test Eğitim Dünyası Yayınları,8.25,Eğitim Dünyası Yayınları,Stokta Yok,indekskitap.com,3
Özdebir YKS TYT Felsefe Yaprak Test Özdebir Yayınları,59.5,Özdebir Yayınları,Stokta Yok,indekskitap.com,3
Pergel YKS TYT AYT Felsefe Çek Kopar Testleri Pergel Yayınları,57.85,Pergel Yayınları,Stokta Yok,indekskitap.com,3
Tümler YKS TYT Kimya Yaprak Test Video Çözümlü Tümler Yayınları,45.0,Tümler Yayınları,Stokta Yok,indekskitap.com,3
Özdebir YKS TYT Kimya Yaprak Test Özdebir Yayınları,85.0,Özdebir Yayınları,Stokta Yok,indekskitap.com,3
Miray YKS TYT Kimya Çek Kopar Yaprak Test Miray Yayınları,153.6,Miray Yayınları,Stokta Yok,indekskitap.com,3
Pergel YKS TYT Kimya Çek Kopar Testleri Pergel Yayınları,57.85,Pergel Yayınları,Stokta Yok,indekskitap.com,3
Nitelik YKS TYT AYT Kimya Yaprak Test Nitelik Yayınları,80.5,Nitelik Yayınları (YKS),Stokta Yok,indekskitap.com,3
Pegem YKS TYT Matematik Yaprak Test Pegem Akademi Yayınları,71.25,Pegem Yayınları (Orta-Lise),Stokta Yok,indekskitap.com,3
Yediiklim TYT KPSS ALES DGS Keyifli Matematik Yaprak Test Çözümlü Yediiklim Yayınları,140.16,Yediiklim Yayınları,Stokta Yok,indekskitap.com,3
Özdebir YKS TYT Matematik Yaprak Test Özdebir Yayınları,85.0,Özdebir Yayınları,Stokta Yok,indekskitap.com,3
Gür Model YKS TYT Matematik Fasikülleri Yaprak Test Gür Model Yayınları,95.25,Gür Yayınları,Stokta Yok,indekskitap.com,3
Nitelik YKS TYT Matematik Yaprak Test Nitelik Yayınları,71.4,Nitelik Yayınları (YKS),Stokta Yok,indekskitap.com,3
Pegem YKS TYT AYT Geometri Yaprak Test Pegem Akademi Yayınları,90.0,Pegem Yayınları (Orta-Lise),Stokta Yok,indekskitap.com,3
Tümler YKS TYT AYT Geometri Yaprak Test Video Çözümlü Tümler Yayınları,55.0,Tümler Yayınları,Stokta Yok,indekskitap.com,3
SÜPER FİYAT - Eğitim Dünyası YKS TYT AYT Geometri Yaprak Test Eğitim Dünyası Yayınları,14.0,Eğitim Dünyası Yayınları,Stokta Yok,indekskitap.com,3
Nitelik YKS TYT AYT Geometri Yaprak Test Nitelik Yayınları,77.7,Nitelik Yayınları (YKS),Stokta Yok,indekskitap.com,3
SÜPER FİYAT - Eğitim Vadisi YKS TYT Geometri Multi Test Soru Bankası Eğitim Vadisi Yayınları,18.53,Eğitim Vadisi (SÜPER FİYAT),Stokta Yok,indekskitap.com,3
Özdebir YKS TYT Coğrafya Yaprak Test Özdebir Yayınları,72.25,Özdebir Yayınları,Stokta Yok,indekskitap.com,3
Nitelik YKS TYT AYT Coğrafya Yaprak Test Nitelik Yayınları,53.55,Nitelik Yayınları (YKS),Stokta Yok,indekskitap.com,3
Liderler Karması 2021 YKS TYT Çıkmış Sorular Çözümlü Liderler Karması,22.1,Liderler Karması,Stokta Yok,indekskitap.com,3
Liderler Karması 2020 YKS TYT Çıkmış Sorular Çözümlü Liderler Karması,22.1,Liderler Karması,Stokta Yok,indekskitap.com,3
Liderler Karması 2022 YKS TYT Çıkmış Sorular Çözümlü Liderler Karması,22.1,Liderler Karması,Stokta Yok,indekskitap.com,3
Liderler Karması 2023 YKS TYT Çıkmış Sorular Çözümlü Liderler Karması,22.1,Liderler Karması,Stokta Yok,indekskitap.com,3
Hoca Kafası YKS TYT Fen Bilimleri FKB 10 Deneme Hoca Kafası Yayınları,35.94,Hoca Kafası Yayınları,Stokta Yok,indekskitap.com,4
Yönerge YKS TYT AYT KPSS ALES DGS MSÜ Muhtemel Paragraf 25x5 Deneme Çözümlü Yönerge Yayınları,29.5,Yönerge Yayınları,Stokta Yok,indekskitap.com,4
Hoca Kafası YKS TYT AYT Din Kültürü ve Ahlak Bilgisi Kafala Soru Bankası Çözümlü - Rümeysa Enise Özdemir Hoca Kafası Yayınları,78.0,Hoca Kafası Yayınları,Stokta Yok,indekskitap.com,4
İndeks Akademi 2025 KPSS MEB-AGS TYT AYT Tarih Yorum Sizin Soru Bankası Çözümlü - Aydın Yüce İndeks Akademi Yayıncılık,77.88,İndeks Akademi Yayıncılık,Stokta Yok,indekskitap.com,4
Hoca Kafası YKS TYT Matematik Soru Bankası Çözümlü - Şükrü Akkoyun Hoca Kafası Yayınları,264.0,Hoca Kafası Yayınları,Stokta Yok,indekskitap.com,4
Hoca Kafası YKS TYT Problemler Problemi Kafala Soru Bankası Video Çözümlü - Soner Köse Hoca Kafası Yayınları,90.0,Hoca Kafası Yayınları,Stokta Yok,indekskitap.com,4
Hoca Kafası YKS TYT Dil Bilgisi Pro Soru Bankası Çözümlü - Önder Dönmez Hoca Kafası Yayınları,180.0,Hoca Kafası Yayınları,Stokta Yok,indekskitap.com,4
Hoca Kafası 2025 KPSS TYT Dil Bilgisini Kafala Soru Bankası Çözümlü - Öznur Saat Yıldırım Hoca Kafası Yayınları,196.0,Hoca Kafası Yayınları,Stokta Yok,indekskitap.com,4
Hoca Kafası YKS TYT Dil Bilgisi Konu Anlatımlı Soru Bankası Çözümlü - Onur Soğuk Hoca Kafası Yayınları,90.0,Hoca Kafası Yayınları,Stokta Yok,indekskitap.com,4
İndeks Akademi 2025 KPSS DGS ALES TYT Aktüel Paragraf Soru Bankası Çözümlü - Berk Ekici İndeks Akademi Yayıncılık,100.3,İndeks Akademi Yayıncılık,Stokta Yok,indekskitap.com,4
Hoca Kafası + İndeks 2025 KPSS TYT ALES DGS Paragrafı Kafala Soru Bankası 2 li Set - Öznur Saat Yıldırım Hoca Kafası + İndeks Akademi Yayınları,247.5,Hoca Kafası Yayınları,Stokta Yok,indekskitap.com,4
Hoca Kafası + İndeks 2025 KPSS TYT ALES DGS Soyut Paragraf Soru Bankası 2 li Set - Öznur Saat Yıldırım Hoca Kafası + İndeks Akademi Yayınları,203.5,Hoca Kafası Yayınları,Stokta Yok,indekskitap.com,4
Hoca Kafası 2025 KPSS TYT ALES DGS Paragrafı Kafala Soru Bankası Çözümlü - Öznur Saat Yıldırım Hoca Kafası Yayınları,196.0,Hoca Kafası Yayınları,Stokta Yok,indekskitap.com,4
Hoca Kafası 2025 KPSS TYT ALES DGS Soyut Paragraf Soru Bankası Video Çözümlü - Öznur Saat Yıldırım Hoca Kafası Yayınları,140.0,Hoca Kafası Yayınları,Stokta Yok,indekskitap.com,4
Hoca Kafası YKS TYT Paragrafın Piri Soru Bankası Çözümlü - Öznur Fırat Hoca Kafası Yayınları,132.0,Hoca Kafası Yayınları,Stokta Yok,indekskitap.com,4
Yönerge KPSS TYT ALES DGS MSÜ Bilimsel Metinlerle Paragraf Soru Bankası - Galip Turan Yönerge Yayınları,106.2,Yönerge Yayınları,Stokta Yok,indekskitap.com,4
Yönerge TYT Paragraf Soru + 5 Deneme 2 li Set Yönerge Yayınları,118.0,Yönerge Yayınları,Stokta Yok,indekskitap.com,4
Yönerge YKS TYT Muhtemel Paragraf Konu Özetli Soru Bankası Yönerge Yayınları,88.5,Yönerge Yayınları,Stokta Yok,indekskitap.com,4
Yönerge TYT AYT KPSS ALES DGS MSÜ Paragrafmatik Soru Bankası - Cenan Balcı Yönerge Yayınları,123.9,Yönerge Yayınları,Stokta Yok,indekskitap.com,4
Altın Anahtar Paragraf 500 Soru Bankası Altın Anahtar Yayınları,168.75,Altın Anahtar Yayınları,Stokta Yok,indekskitap.com,4
Pegem YKS TYT Tarih Yaprak Test Pegem Akademi Yayınları,56.25,Pegem Yayınları (Orta-Lise),Stokta Yok,indekskitap.com,4
Özdebir YKS TYT Tarih Yaprak Test Özdebir Yayınları,72.25,Özdebir Yayınları,Stokta Yok,indekskitap.com,4
Pegem YKS TYT Biyoloji Yaprak Test Pegem Akademi Yayınları,60.0,Pegem Yayınları (Orta-Lise),Stokta Yok,indekskitap.com,4
Nitelik YKS TYT Biyoloji Yaprak Test Nitelik Yayınları,45.15,Nitelik Yayınları (YKS),Stokta Yok,indekskitap.com,4
Özdebir YKS TYT Biyoloji Yaprak Test Özdebir Yayınları,72.25,Özdebir Yayınları,Stokta Yok,indekskitap.com,4
Pergel YKS TYT Biyoloji Çek Kopar Testleri Pergel Yayınları,57.85,Pergel Yayınları,Stokta Yok,indekskitap.com,4
Nitelik YKS TYT AYT Biyoloji Yaprak Test Nitelik Yayınları,71.4,Nitelik Yayınları (YKS),Stokta Yok,indekskitap.com,4
Pegem YKS TYT Fizik Yaprak Test Pegem Akademi Yayınları,41.25,Pegem Yayınları (Orta-Lise),Stokta Yok,indekskitap.com,4
SÜPER FİYAT - Eğitim Dünyası YKS TYT Fizik Yaprak Test Eğitim Dünyası Yayınları,8.25,Eğitim Dünyası Yayınları,Stokta Yok,indekskitap.com,4
Özdebir YKS TYT Fizik Yaprak Test Özdebir Yayınları,85.0,Özdebir Yayınları,Stokta Yok,indekskitap.com,4
Nitelik YKS TYT Fizik Yaprak Test Nitelik Yayınları,80.5,Nitelik Yayınları (YKS),Stokta Yok,indekskitap.com,4
Pegem YKS TYT Türkçe Yaprak Test Pegem Akademi Yayınları,112.5,Pegem Yayınları (Orta-Lise),Stokta Yok,indekskitap.com,4
Tümler YKS TYT Türkçe Yaprak Test Video Çözümlü Tümler Yayınları,55.0,Tümler Yayınları,Stokta Yok,indekskitap.com,4
Özdebir YKS TYT Türkçe Yaprak Test Özdebir Yayınları,93.5,Özdebir Yayınları,Stokta Yok,indekskitap.com,4
Nitelik YKS TYT Türkçe Yaprak Test Nitelik Yayınları,71.4,Nitelik Yayınları (YKS),Stokta Yok,indekskitap.com,4
Pegem YKS TYT AYT Felsefe Yaprak Test Pegem Akademi Yayınları,37.5,Pegem Yayınları (Orta-Lise),Stokta Yok,indekskitap.com,4
SÜPER FİYAT - Eğitim Dünyası YKS TYT Felsefe Yaprak Test Eğitim Dünyası Yayınları,8.25,Eğitim Dünyası Yayınları,Stokta Yok,indekskitap.com,4
Özdebir YKS TYT Felsefe Yaprak Test Özdebir Yayınları,59.5,Özdebir Yayınları,Stokta Yok,indekskitap.com,4
Pergel YKS TYT AYT Felsefe Çek Kopar Testleri Pergel Yayınları,57.85,Pergel Yayınları,Stokta Yok,indekskitap.com,4
Tümler YKS TYT Kimya Yaprak Test Video Çözümlü Tümler Yayınları,45.0,Tümler Yayınları,Stokta Yok,indekskitap.com,4
Özdebir YKS TYT Kimya Yaprak Test Özdebir Yayınları,85.0,Özdebir Yayınları,Stokta Yok,indekskitap.com,4
Miray YKS TYT Kimya Çek Kopar Yaprak Test Miray Yayınları,153.6,Miray Yayınları,Stokta Yok,indekskitap.com,4
Pergel YKS TYT Kimya Çek Kopar Testleri Pergel Yayınları,57.85,Pergel Yayınları,Stokta Yok,indekskitap.com,4
Nitelik YKS TYT AYT Kimya Yaprak Test Nitelik Yayınları,80.5,Nitelik Yayınları (YKS),Stokta Yok,indekskitap.com,4
Pegem YKS TYT Matematik Yaprak Test Pegem Akademi Yayınları,71.25,Pegem Yayınları (Orta-Lise),Stokta Yok,indekskitap.com,4
Yediiklim TYT KPSS ALES DGS Keyifli Matematik Yaprak Test Çözümlü Yediiklim Yayınları,140.16,Yediiklim Yayınları,Stokta Yok,indekskitap.com,4
Özdebir YKS TYT Matematik Yaprak Test Özdebir Yayınları,85.0,Özdebir Yayınları,Stokta Yok,indekskitap.com,4
Gür Model YKS TYT Matematik Fasikülleri Yaprak Test Gür Model Yayınları,95.25,Gür Yayınları,Stokta Yok,indekskitap.com,4
Nitelik YKS TYT Matematik Yaprak Test Nitelik Yayınları,71.4,Nitelik Yayınları (YKS),Stokta Yok,indekskitap.com,4
Pegem YKS TYT AYT Geometri Yaprak Test Pegem Akademi Yayınları,90.0,Pegem Yayınları (Orta-Lise),Stokta Yok,indekskitap.com,4
Tümler YKS TYT AYT Geometri Yaprak Test Video Çözümlü Tümler Yayınları,55.0,Tümler Yayınları,Stokta Yok,indekskitap.com,4
SÜPER FİYAT - Eğitim Dünyası YKS TYT AYT Geometri Yaprak Test Eğitim Dünyası Yayınları,14.0,Eğitim Dünyası Yayınları,Stokta Yok,indekskitap.com,4
Nitelik YKS TYT AYT Geometri Yaprak Test Nitelik Yayınları,77.7,Nitelik Yayınları (YKS),Stokta Yok,indekskitap.com,4
SÜPER FİYAT - Eğitim Vadisi YKS TYT Geometri Multi Test Soru Bankası Eğitim Vadisi Yayınları,18.53,Eğitim Vadisi (SÜPER FİYAT),Stokta Yok,indekskitap.com,4
Özdebir YKS TYT Coğrafya Yaprak Test Özdebir Yayınları,72.25,Özdebir Yayınları,Stokta Yok,indekskitap.com,4
Nitelik YKS TYT AYT Coğrafya Yaprak Test Nitelik Yayınları,53.55,Nitelik Yayınları (YKS),Stokta Yok,indekskitap.com,4
Liderler Karması 2021 YKS TYT Çıkmış Sorular Çözümlü Liderler Karması,22.1,Liderler Karması,Stokta Yok,indekskitap.com,4
Liderler Karması 2020 YKS TYT Çıkmış Sorular Çözümlü Liderler Karması,22.1,Liderler Karması,Stokta Yok,indekskitap.com,4
Liderler Karması 2022 YKS TYT Çıkmış Sorular Çözümlü Liderler Karması,22.1,Liderler Karması,Stokta Yok,indekskitap.com,4
Liderler Karması 2023 YKS TYT Çıkmış Sorular Çözümlü Liderler Karması,22.1,Liderler Karması,Stokta Yok,indekskitap.com,4
Hoca Kafası YKS TYT Fen Bilimleri FKB 10 Deneme Hoca Kafası Yayınları,35.94,Hoca Kafası Yayınları,Stokta Yok,indekskitap.com,5
Yönerge YKS TYT AYT KPSS ALES DGS MSÜ Muhtemel Paragraf 25x5 Deneme Çözümlü Yönerge Yayınları,29.5,Yönerge Yayınları,Stokta Yok,indekskitap.com,5
Hoca Kafası YKS TYT AYT Din Kültürü ve Ahlak Bilgisi Kafala Soru Bankası Çözümlü - Rümeysa Enise Özdemir Hoca Kafası Yayınları,78.0,Hoca Kafası Yayınları,Stokta Yok,indekskitap.com,5
İndeks Akademi 2025 KPSS MEB-AGS TYT AYT Tarih Yorum Sizin Soru Bankası Çözümlü - Aydın Yüce İndeks Akademi Yayıncılık,77.88,İndeks Akademi Yayıncılık,Stokta Yok,indekskitap.com,5
Hoca Kafası YKS TYT Matematik Soru Bankası Çözümlü - Şükrü Akkoyun Hoca Kafası Yayınları,264.0,Hoca Kafası Yayınları,Stokta Yok,indekskitap.com,5
Hoca Kafası YKS TYT Problemler Problemi Kafala Soru Bankası Video Çözümlü - Soner Köse Hoca Kafası Yayınları,90.0,Hoca Kafası Yayınları,Stokta Yok,indekskitap.com,5
Hoca Kafası YKS TYT Dil Bilgisi Pro Soru Bankası Çözümlü - Önder Dönmez Hoca Kafası Yayınları,180.0,Hoca Kafası Yayınları,Stokta Yok,indekskitap.com,5
Hoca Kafası 2025 KPSS TYT Dil Bilgisini Kafala Soru Bankası Çözümlü - Öznur Saat Yıldırım Hoca Kafası Yayınları,196.0,Hoca Kafası Yayınları,Stokta Yok,indekskitap.com,5
Hoca Kafası YKS TYT Dil Bilgisi Konu Anlatımlı Soru Bankası Çözümlü - Onur Soğuk Hoca Kafası Yayınları,90.0,Hoca Kafası Yayınları,Stokta Yok,indekskitap.com,5
İndeks Akademi 2025 KPSS DGS ALES TYT Aktüel Paragraf Soru Bankası Çözümlü - Berk Ekici İndeks Akademi Yayıncılık,100.3,İndeks Akademi Yayıncılık,Stokta Yok,indekskitap.com,5
Hoca Kafası + İndeks 2025 KPSS TYT ALES DGS Paragrafı Kafala Soru Bankası 2 li Set - Öznur Saat Yıldırım Hoca Kafası + İndeks Akademi Yayınları,247.5,Hoca Kafası Yayınları,Stokta Yok,indekskitap.com,5
Hoca Kafası + İndeks 2025 KPSS TYT ALES DGS Soyut Paragraf Soru Bankası 2 li Set - Öznur Saat Yıldırım Hoca Kafası + İndeks Akademi Yayınları,203.5,Hoca Kafası Yayınları,Stokta Yok,indekskitap.com,5
Hoca Kafası 2025 KPSS TYT ALES DGS Paragrafı Kafala Soru Bankası Çözümlü - Öznur Saat Yıldırım Hoca Kafası Yayınları,196.0,Hoca Kafası Yayınları,Stokta Yok,indekskitap.com,5
Hoca Kafası 2025 KPSS TYT ALES DGS Soyut Paragraf Soru Bankası Video Çözümlü - Öznur Saat Yıldırım Hoca Kafası Yayınları,140.0,Hoca Kafası Yayınları,Stokta Yok,indekskitap.com,5
Hoca Kafası YKS TYT Paragrafın Piri Soru Bankası Çözümlü - Öznur Fırat Hoca Kafası Yayınları,132.0,Hoca Kafası Yayınları,Stokta Yok,indekskitap.com,5
Yönerge KPSS TYT ALES DGS MSÜ Bilimsel Metinlerle Paragraf Soru Bankası - Galip Turan Yönerge Yayınları,106.2,Yönerge Yayınları,Stokta Yok,indekskitap.com,5
Yönerge TYT Paragraf Soru + 5 Deneme 2 li Set Yönerge Yayınları,118.0,Yönerge Yayınları,Stokta Yok,indekskitap.com,5
Yönerge YKS TYT Muhtemel Paragraf Konu Özetli Soru Bankası Yönerge Yayınları,88.5,Yönerge Yayınları,Stokta Yok,indekskitap.com,5
Yönerge TYT AYT KPSS ALES DGS MSÜ Paragrafmatik Soru Bankası - Cenan Balcı Yönerge Yayınları,123.9,Yönerge Yayınları,Stokta Yok,indekskitap.com,5
Altın Anahtar Paragraf 500 Soru Bankası Altın Anahtar Yayınları,168.75,Altın Anahtar Yayınları,Stokta Yok,indekskitap.com,5
Pegem YKS TYT Tarih Yaprak Test Pegem Akademi Yayınları,56.25,Pegem Yayınları (Orta-Lise),Stokta Yok,indekskitap.com,5
Özdebir YKS TYT Tarih Yaprak Test Özdebir Yayınları,72.25,Özdebir Yayınları,Stokta Yok,indekskitap.com,5
Pegem YKS TYT Biyoloji Yaprak Test Pegem Akademi Yayınları,60.0,Pegem Yayınları (Orta-Lise),Stokta Yok,indekskitap.com,5
Nitelik YKS TYT Biyoloji Yaprak Test Nitelik Yayınları,45.15,Nitelik Yayınları (YKS),Stokta Yok,indekskitap.com,5
Özdebir YKS TYT Biyoloji Yaprak Test Özdebir Yayınları,72.25,Özdebir Yayınları,Stokta Yok,indekskitap.com,5
Pergel YKS TYT Biyoloji Çek Kopar Testleri Pergel Yayınları,57.85,Pergel Yayınları,Stokta Yok,indekskitap.com,5
Nitelik YKS TYT AYT Biyoloji Yaprak Test Nitelik Yayınları,71.4,Nitelik Yayınları (YKS),Stokta Yok,indekskitap.com,5
Pegem YKS TYT Fizik Yaprak Test Pegem Akademi Yayınları,41.25,Pegem Yayınları (Orta-Lise),Stokta Yok,indekskitap.com,5
SÜPER FİYAT - Eğitim Dünyası YKS TYT Fizik Yaprak Test Eğitim Dünyası Yayınları,8.25,Eğitim Dünyası Yayınları,Stokta Yok,indekskitap.com,5
Özdebir YKS TYT Fizik Yaprak Test Özdebir Yayınları,85.0,Özdebir Yayınları,Stokta Yok,indekskitap.com,5
Nitelik YKS TYT Fizik Yaprak Test Nitelik Yayınları,80.5,Nitelik Yayınları (YKS),Stokta Yok,indekskitap.com,5
Pegem YKS TYT Türkçe Yaprak Test Pegem Akademi Yayınları,112.5,Pegem Yayınları (Orta-Lise),Stokta Yok,indekskitap.com,5
Tümler YKS TYT Türkçe Yaprak Test Video Çözümlü Tümler Yayınları,55.0,Tümler Yayınları,Stokta Yok,indekskitap.com,5
Özdebir YKS TYT Türkçe Yaprak Test Özdebir Yayınları,93.5,Özdebir Yayınları,Stokta Yok,indekskitap.com,5
Nitelik YKS TYT Türkçe Yaprak Test Nitelik Yayınları,71.4,Nitelik Yayınları (YKS),Stokta Yok,indekskitap.com,5
Pegem YKS TYT AYT Felsefe Yaprak Test Pegem Akademi Yayınları,37.5,Pegem Yayınları (Orta-Lise),Stokta Yok,indekskitap.com,5
SÜPER FİYAT - Eğitim Dünyası YKS TYT Felsefe Yaprak Test Eğitim Dünyası Yayınları,8.25,Eğitim Dünyası Yayınları,Stokta Yok,indekskitap.com,5
Özdebir YKS TYT Felsefe Yaprak Test Özdebir Yayınları,59.5,Özdebir Yayınları,Stokta Yok,indekskitap.com,5
Pergel YKS TYT AYT Felsefe Çek Kopar Testleri Pergel Yayınları,57.85,Pergel Yayınları,Stokta Yok,indekskitap.com,5
Tümler YKS TYT Kimya Yaprak Test Video Çözümlü Tümler Yayınları,45.0,Tümler Yayınları,Stokta Yok,indekskitap.com,5
Özdebir YKS TYT Kimya Yaprak Test Özdebir Yayınları,85.0,Özdebir Yayınları,Stokta Yok,indekskitap.com,5
Miray YKS TYT Kimya Çek Kopar Yaprak Test Miray Yayınları,153.6,Miray Yayınları,Stokta Yok,indekskitap.com,5
Pergel YKS TYT Kimya Çek Kopar Testleri Pergel Yayınları,57.85,Pergel Yayınları,Stokta Yok,indekskitap.com,5
Nitelik YKS TYT AYT Kimya Yaprak Test Nitelik Yayınları,80.5,Nitelik Yayınları (YKS),Stokta Yok,indekskitap.com,5
Pegem YKS TYT Matematik Yaprak Test Pegem Akademi Yayınları,71.25,Pegem Yayınları (Orta-Lise),Stokta Yok,indekskitap.com,5
Yediiklim TYT KPSS ALES DGS Keyifli Matematik Yaprak Test Çözümlü Yediiklim Yayınları,140.16,Yediiklim Yayınları,Stokta Yok,indekskitap.com,5
Özdebir YKS TYT Matematik Yaprak Test Özdebir Yayınları,85.0,Özdebir Yayınları,Stokta Yok,indekskitap.com,5
Gür Model YKS TYT Matematik Fasikülleri Yaprak Test Gür Model Yayınları,95.25,Gür Yayınları,Stokta Yok,indekskitap.com,5
Nitelik YKS TYT Matematik Yaprak Test Nitelik Yayınları,71.4,Nitelik Yayınları (YKS),Stokta Yok,indekskitap.com,5
Pegem YKS TYT AYT Geometri Yaprak Test Pegem Akademi Yayınları,90.0,Pegem Yayınları (Orta-Lise),Stokta Yok,indekskitap.com,5
Tümler YKS TYT AYT Geometri Yaprak Test Video Çözümlü Tümler Yayınları,55.0,Tümler Yayınları,Stokta Yok,indekskitap.com,5
SÜPER FİYAT - Eğitim Dünyası YKS TYT AYT Geometri Yaprak Test Eğitim Dünyası Yayınları,14.0,Eğitim Dünyası Yayınları,Stokta Yok,indekskitap.com,5
Nitelik YKS TYT AYT Geometri Yaprak Test Nitelik Yayınları,77.7,Nitelik Yayınları (YKS),Stokta Yok,indekskitap.com,5
SÜPER FİYAT - Eğitim Vadisi YKS TYT Geometri Multi Test Soru Bankası Eğitim Vadisi Yayınları,18.53,Eğitim Vadisi (SÜPER FİYAT),Stokta Yok,indekskitap.com,5
Özdebir YKS TYT Coğrafya Yaprak Test Özdebir Yayınları,72.25,Özdebir Yayınları,Stokta Yok,indekskitap.com,5
Nitelik YKS TYT AYT Coğrafya Yaprak Test Nitelik Yayınları,53.55,Nitelik Yayınları (YKS),Stokta Yok,indekskitap.com,5
Liderler Karması 2021 YKS TYT Çıkmış Sorular Çözümlü Liderler Karması,22.1,Liderler Karması,Stokta Yok,indekskitap.com,5
Liderler Karması 2020 YKS TYT Çıkmış Sorular Çözümlü Liderler Karması,22.1,Liderler Karması,Stokta Yok,indekskitap.com,5
Liderler Karması 2022 YKS TYT Çıkmış Sorular Çözümlü Liderler Karması,22.1,Liderler Karması,Stokta Yok,indekskitap.com,5
Liderler Karması 2023 YKS TYT Çıkmış Sorular Çözümlü Liderler Karması,22.1,Liderler Karması,Stokta Yok,indekskitap.com,5
