title,price,source
2025 TYT Matematik Soru Bankası Üç Dört Beş Yayınları,272.0,kitapsec.com
2025 TYT Paragraf Konu Özetli Yeni Nesil Soru Bankası Tamamı Video Çözümlü Marka Yayınları,90.0,kitapsec.com
2025 TYT Problemler Konu Özetli Yeni Nesil Soru Bankası Tamamı Video Çözümlü Marka Yayınları,60.0,kitapsec.com
Kronometre Paragraf Soru Bankası Limit Yayınları,266.0,kitapsec.com
2025 ÖSYM Soru Tipleriyle Paragrafın Ritmi Hamza Kaya Arı Yayıncılık,272.0,kitapsec.com
TYT AYT KPSS ALES DGS Paragraf Hız Soruları Hız ve Renk Yayınları,194.65,kitapsec.com
2025 TYT Türkçe Tamamı Video Çözümlü Soru Bankası Benim Hocam Yayınları,249.0,kitapsec.com
Tüm Zamanların Tüm Sınavları İçin Tecrübe Taktiklerle Paragraf Soru Bankası Pelikan Yayınevi,316.0,kitapsec.com
2025 TYT Coğrafya Tamamı Video Çözümlü Soru Bankası Benim Hocam Yayınları,186.5,kitapsec.com
2025 TYT Türkçe Soru Bankası Model Üç Dört Beş Yayınları,272.0,kitapsec.com
2025 TYT Paragraf Sıfır Risk Soru Bankası Video Çözümlü Üç Dört Beş Yayınları,269.0,kitapsec.com
2025 TYT Türkçe Soru Bankası Limit Yayınları,312.0,kitapsec.com
2025 TYT Matematik Tamamı Video Çözümlü Soru Bankası Benim Hocam Yayınları,277.9,kitapsec.com
2025 TYT Dil Bilgisi Konu Özetli Yeni Nesil Soru Bankası Tamamı Video Çözümlü Marka Yayınları,60.0,kitapsec.com
2025 TYT 3D Matematik Tamamı Video Çözümlü Soru Bankası 3D Yayınları,273.0,kitapsec.com
2025 TYT Fizik Soru Bankası Üç Dört Beş Yayınları,285.35,kitapsec.com
TYT Limit Dil Bilgisi Paragraf Soru Bankası ve Marka Dil Bilgisi 10 Paragraf 4 Deneme Seti Limit Yayınları,735.8,kitapsec.com
Tüm Adaylar İçin Taktiklerle Problemler Konu Anlatımlı Soru Bankası Benim Hocam Yayınları,192.0,kitapsec.com
2025 Model TYT Biyoloji Soru Bankası Üç Dört Beş Yayınları,249.9,kitapsec.com
TYT KPSS ALES DGS MSÜ Problemler Apotemi Yayınları,203.15,kitapsec.com
2025 TYT Kimya Tamamı Video Çözümlü Soru Bankası Benim Hocam Yayınları,238.9,kitapsec.com
2025 TYT Türkçe Edebiyat Soru Bankası ve 4x22 Paragraf Deneme Sınavı Seti Limit Yayınları,909.35,kitapsec.com
2025 TYT Kimya Soru Bankası Üç Dört Beş Yayınları,260.0,kitapsec.com
Hiç Problem Değil Antrenman Yayınları,228.0,kitapsec.com
TYT Problemler Soru Bankası Bilgi Sarmal Yayınları,161.0,kitapsec.com
TYT Kimya Soru Kitabı Palme Yayınevi,249.2,kitapsec.com
TYT Kimya Konu Özetli Tamamı Video Çözümlü Soru Bankası Aydın Yayınları,266.6,kitapsec.com
2025 TYT Türkçe Matematik Soru Bankası Seti Üç Dört Beş Yayınları,561.9,kitapsec.com
TYT Matematik Acil Problemler Acil Yayınları,165.75,kitapsec.com
TYT Biyoloji Soru Kitabı Palme Yayınları,209.3,kitapsec.com
2025 TYT Biyoloji Tamamı Çözümlü Soru Bankası Benim Hocam Yayınları,172.9,kitapsec.com
Üniversiteye Hazırlık Matematik Problemler Soru Bankası Çap Yayınları,165.75,kitapsec.com
%100 Yeni Nesil TYT Problemler Soru Bankası Fragman Yayınları,49.0,kitapsec.com
2025 TYT AYT Matematik Soru Bankası Seti ve Kırmızı Yeşil Deneme Sınavı Seti Üç Dört Beş Yayınları,609.0,kitapsec.com
TYT Kimya Konu Özetli Soru Bankası ve Kimya 15 Deneme Aydın Yayınları,291.4,kitapsec.com
TYT Biyoloji Biyotik Soru Bankası Biyotik Yayınları,279.65,kitapsec.com
TYT Türkçe Soru Bankası Bilgi Sarmal Yayınları,254.15,kitapsec.com
YKS TYT KPSS ALES Paragrafın Şifresi Metot Konu Anlatımlı Soru Bankası Mehmet Vicdan,217.5,kitapsec.com
2025 TYT Türkçe Soru Bankası ve Paragraf Konu Özetli Soru Bankası Seti Üç Dört Beş Yayınları,384.0,kitapsec.com
TYT Türkçe Soru Bankası ve Türkçe Çıkmış 6 Deneme Üç Dört Beş Yayınları,321.9,kitapsec.com
2025 TYT 3D Geometri Tamamı Video Çözümlü Soru Bankası 3D Yayınları,241.9,kitapsec.com
TYT Matematik Soru Bankası Bilgi Sarmal Yayınları,322.15,kitapsec.com
2025 TYT Yeni Nesil Paragraf Konu Özetli Soru Bankası ve 4x22 Paragraf Deneme Marka Yayınları,99.0,kitapsec.com
2025 TYT 3D Biyoloji Tamamı Video Çözümlü Soru Bankası 3D Yayınları,234.0,kitapsec.com
2025 Model TYT Coğrafya Soru Bankası Üç Dört Beş Yayınları,273.0,kitapsec.com
TYT Paragraf Soru Bankası Karekök Yayınları,221.0,kitapsec.com
Rüştü Hoca`yla Paragraf Soru Avı 101 Soru 101 Çözüm Pelikan Yayınları,60.0,kitapsec.com
2025 TYT 3D Türkçe Tamamı Video Çözümlü Soru Bankası 3D Yayınları,273.0,kitapsec.com
2025 TYT Matematik Soru Bankası Üç Dört Beş Yayınları,272.0,kitapsec.com
2025 TYT Paragraf Konu Özetli Yeni Nesil Soru Bankası Tamamı Video Çözümlü Marka Yayınları,90.0,kitapsec.com
2025 TYT Problemler Konu Özetli Yeni Nesil Soru Bankası Tamamı Video Çözümlü Marka Yayınları,60.0,kitapsec.com
Kronometre Paragraf Soru Bankası Limit Yayınları,266.0,kitapsec.com
2025 ÖSYM Soru Tipleriyle Paragrafın Ritmi Hamza Kaya Arı Yayıncılık,272.0,kitapsec.com
TYT AYT KPSS ALES DGS Paragraf Hız Soruları Hız ve Renk Yayınları,194.65,kitapsec.com
2025 TYT Türkçe Tamamı Video Çözümlü Soru Bankası Benim Hocam Yayınları,249.0,kitapsec.com
Tüm Zamanların Tüm Sınavları İçin Tecrübe Taktiklerle Paragraf Soru Bankası Pelikan Yayınevi,316.0,kitapsec.com
2025 TYT Coğrafya Tamamı Video Çözümlü Soru Bankası Benim Hocam Yayınları,186.5,kitapsec.com
2025 TYT Türkçe Soru Bankası Model Üç Dört Beş Yayınları,272.0,kitapsec.com
2025 TYT Paragraf Sıfır Risk Soru Bankası Video Çözümlü Üç Dört Beş Yayınları,269.0,kitapsec.com
2025 TYT Türkçe Soru Bankası Limit Yayınları,312.0,kitapsec.com
2025 TYT Matematik Tamamı Video Çözümlü Soru Bankası Benim Hocam Yayınları,277.9,kitapsec.com
2025 TYT Dil Bilgisi Konu Özetli Yeni Nesil Soru Bankası Tamamı Video Çözümlü Marka Yayınları,60.0,kitapsec.com
2025 TYT 3D Matematik Tamamı Video Çözümlü Soru Bankası 3D Yayınları,273.0,kitapsec.com
2025 TYT Fizik Soru Bankası Üç Dört Beş Yayınları,285.35,kitapsec.com
TYT Limit Dil Bilgisi Paragraf Soru Bankası ve Marka Dil Bilgisi 10 Paragraf 4 Deneme Seti Limit Yayınları,735.8,kitapsec.com
Tüm Adaylar İçin Taktiklerle Problemler Konu Anlatımlı Soru Bankası Benim Hocam Yayınları,192.0,kitapsec.com
2025 Model TYT Biyoloji Soru Bankası Üç Dört Beş Yayınları,249.9,kitapsec.com
TYT KPSS ALES DGS MSÜ Problemler Apotemi Yayınları,203.15,kitapsec.com
2025 TYT Kimya Tamamı Video Çözümlü Soru Bankası Benim Hocam Yayınları,238.9,kitapsec.com
2025 TYT Türkçe Edebiyat Soru Bankası ve 4x22 Paragraf Deneme Sınavı Seti Limit Yayınları,909.35,kitapsec.com
2025 TYT Kimya Soru Bankası Üç Dört Beş Yayınları,260.0,kitapsec.com
Hiç Problem Değil Antrenman Yayınları,228.0,kitapsec.com
TYT Problemler Soru Bankası Bilgi Sarmal Yayınları,161.0,kitapsec.com
TYT Kimya Soru Kitabı Palme Yayınevi,249.2,kitapsec.com
TYT Kimya Konu Özetli Tamamı Video Çözümlü Soru Bankası Aydın Yayınları,266.6,kitapsec.com
2025 TYT Türkçe Matematik Soru Bankası Seti Üç Dört Beş Yayınları,561.9,kitapsec.com
TYT Matematik Acil Problemler Acil Yayınları,165.75,kitapsec.com
TYT Biyoloji Soru Kitabı Palme Yayınları,209.3,kitapsec.com
2025 TYT Biyoloji Tamamı Çözümlü Soru Bankası Benim Hocam Yayınları,172.9,kitapsec.com
Üniversiteye Hazırlık Matematik Problemler Soru Bankası Çap Yayınları,165.75,kitapsec.com
%100 Yeni Nesil TYT Problemler Soru Bankası Fragman Yayınları,49.0,kitapsec.com
2025 TYT AYT Matematik Soru Bankası Seti ve Kırmızı Yeşil Deneme Sınavı Seti Üç Dört Beş Yayınları,609.0,kitapsec.com
TYT Kimya Konu Özetli Soru Bankası ve Kimya 15 Deneme Aydın Yayınları,291.4,kitapsec.com
TYT Biyoloji Biyotik Soru Bankası Biyotik Yayınları,279.65,kitapsec.com
TYT Türkçe Soru Bankası Bilgi Sarmal Yayınları,254.15,kitapsec.com
YKS TYT KPSS ALES Paragrafın Şifresi Metot Konu Anlatımlı Soru Bankası Mehmet Vicdan,217.5,kitapsec.com
2025 TYT Türkçe Soru Bankası ve Paragraf Konu Özetli Soru Bankası Seti Üç Dört Beş Yayınları,384.0,kitapsec.com
TYT Türkçe Soru Bankası ve Türkçe Çıkmış 6 Deneme Üç Dört Beş Yayınları,321.9,kitapsec.com
2025 TYT 3D Geometri Tamamı Video Çözümlü Soru Bankası 3D Yayınları,241.9,kitapsec.com
TYT Matematik Soru Bankası Bilgi Sarmal Yayınları,322.15,kitapsec.com
2025 TYT Yeni Nesil Paragraf Konu Özetli Soru Bankası ve 4x22 Paragraf Deneme Marka Yayınları,99.0,kitapsec.com
2025 TYT 3D Biyoloji Tamamı Video Çözümlü Soru Bankası 3D Yayınları,234.0,kitapsec.com
2025 Model TYT Coğrafya Soru Bankası Üç Dört Beş Yayınları,273.0,kitapsec.com
TYT Paragraf Soru Bankası Karekök Yayınları,221.0,kitapsec.com
Rüştü Hoca`yla Paragraf Soru Avı 101 Soru 101 Çözüm Pelikan Yayınları,60.0,kitapsec.com
2025 TYT 3D Türkçe Tamamı Video Çözümlü Soru Bankası 3D Yayınları,273.0,kitapsec.com
2025 TYT Matematik Soru Bankası Üç Dört Beş Yayınları,272.0,kitapsec.com
2025 TYT Paragraf Konu Özetli Yeni Nesil Soru Bankası Tamamı Video Çözümlü Marka Yayınları,90.0,kitapsec.com
2025 TYT Problemler Konu Özetli Yeni Nesil Soru Bankası Tamamı Video Çözümlü Marka Yayınları,60.0,kitapsec.com
Kronometre Paragraf Soru Bankası Limit Yayınları,266.0,kitapsec.com
2025 ÖSYM Soru Tipleriyle Paragrafın Ritmi Hamza Kaya Arı Yayıncılık,272.0,kitapsec.com
TYT AYT KPSS ALES DGS Paragraf Hız Soruları Hız ve Renk Yayınları,194.65,kitapsec.com
2025 TYT Türkçe Tamamı Video Çözümlü Soru Bankası Benim Hocam Yayınları,249.0,kitapsec.com
Tüm Zamanların Tüm Sınavları İçin Tecrübe Taktiklerle Paragraf Soru Bankası Pelikan Yayınevi,316.0,kitapsec.com
2025 TYT Coğrafya Tamamı Video Çözümlü Soru Bankası Benim Hocam Yayınları,186.5,kitapsec.com
2025 TYT Türkçe Soru Bankası Model Üç Dört Beş Yayınları,272.0,kitapsec.com
2025 TYT Paragraf Sıfır Risk Soru Bankası Video Çözümlü Üç Dört Beş Yayınları,269.0,kitapsec.com
2025 TYT Türkçe Soru Bankası Limit Yayınları,312.0,kitapsec.com
2025 TYT Matematik Tamamı Video Çözümlü Soru Bankası Benim Hocam Yayınları,277.9,kitapsec.com
2025 TYT Dil Bilgisi Konu Özetli Yeni Nesil Soru Bankası Tamamı Video Çözümlü Marka Yayınları,60.0,kitapsec.com
2025 TYT 3D Matematik Tamamı Video Çözümlü Soru Bankası 3D Yayınları,273.0,kitapsec.com
2025 TYT Fizik Soru Bankası Üç Dört Beş Yayınları,285.35,kitapsec.com
TYT Limit Dil Bilgisi Paragraf Soru Bankası ve Marka Dil Bilgisi 10 Paragraf 4 Deneme Seti Limit Yayınları,735.8,kitapsec.com
Tüm Adaylar İçin Taktiklerle Problemler Konu Anlatımlı Soru Bankası Benim Hocam Yayınları,192.0,kitapsec.com
2025 Model TYT Biyoloji Soru Bankası Üç Dört Beş Yayınları,249.9,kitapsec.com
TYT KPSS ALES DGS MSÜ Problemler Apotemi Yayınları,203.15,kitapsec.com
2025 TYT Kimya Tamamı Video Çözümlü Soru Bankası Benim Hocam Yayınları,238.9,kitapsec.com
2025 TYT Türkçe Edebiyat Soru Bankası ve 4x22 Paragraf Deneme Sınavı Seti Limit Yayınları,909.35,kitapsec.com
2025 TYT Kimya Soru Bankası Üç Dört Beş Yayınları,260.0,kitapsec.com
Hiç Problem Değil Antrenman Yayınları,228.0,kitapsec.com
TYT Problemler Soru Bankası Bilgi Sarmal Yayınları,161.0,kitapsec.com
TYT Kimya Soru Kitabı Palme Yayınevi,249.2,kitapsec.com
TYT Kimya Konu Özetli Tamamı Video Çözümlü Soru Bankası Aydın Yayınları,266.6,kitapsec.com
2025 TYT Türkçe Matematik Soru Bankası Seti Üç Dört Beş Yayınları,561.9,kitapsec.com
TYT Matematik Acil Problemler Acil Yayınları,165.75,kitapsec.com
TYT Biyoloji Soru Kitabı Palme Yayınları,209.3,kitapsec.com
2025 TYT Biyoloji Tamamı Çözümlü Soru Bankası Benim Hocam Yayınları,172.9,kitapsec.com
Üniversiteye Hazırlık Matematik Problemler Soru Bankası Çap Yayınları,165.75,kitapsec.com
%100 Yeni Nesil TYT Problemler Soru Bankası Fragman Yayınları,49.0,kitapsec.com
2025 TYT AYT Matematik Soru Bankası Seti ve Kırmızı Yeşil Deneme Sınavı Seti Üç Dört Beş Yayınları,609.0,kitapsec.com
TYT Kimya Konu Özetli Soru Bankası ve Kimya 15 Deneme Aydın Yayınları,291.4,kitapsec.com
TYT Biyoloji Biyotik Soru Bankası Biyotik Yayınları,279.65,kitapsec.com
TYT Türkçe Soru Bankası Bilgi Sarmal Yayınları,254.15,kitapsec.com
YKS TYT KPSS ALES Paragrafın Şifresi Metot Konu Anlatımlı Soru Bankası Mehmet Vicdan,217.5,kitapsec.com
2025 TYT Türkçe Soru Bankası ve Paragraf Konu Özetli Soru Bankası Seti Üç Dört Beş Yayınları,384.0,kitapsec.com
TYT Türkçe Soru Bankası ve Türkçe Çıkmış 6 Deneme Üç Dört Beş Yayınları,321.9,kitapsec.com
2025 TYT 3D Geometri Tamamı Video Çözümlü Soru Bankası 3D Yayınları,241.9,kitapsec.com
TYT Matematik Soru Bankası Bilgi Sarmal Yayınları,322.15,kitapsec.com
2025 TYT Yeni Nesil Paragraf Konu Özetli Soru Bankası ve 4x22 Paragraf Deneme Marka Yayınları,99.0,kitapsec.com
2025 TYT 3D Biyoloji Tamamı Video Çözümlü Soru Bankası 3D Yayınları,234.0,kitapsec.com
2025 Model TYT Coğrafya Soru Bankası Üç Dört Beş Yayınları,273.0,kitapsec.com
TYT Paragraf Soru Bankası Karekök Yayınları,221.0,kitapsec.com
Rüştü Hoca`yla Paragraf Soru Avı 101 Soru 101 Çözüm Pelikan Yayınları,60.0,kitapsec.com
2025 TYT 3D Türkçe Tamamı Video Çözümlü Soru Bankası 3D Yayınları,273.0,kitapsec.com
2025 TYT Matematik Soru Bankası Üç Dört Beş Yayınları,272.0,kitapsec.com
2025 TYT Paragraf Konu Özetli Yeni Nesil Soru Bankası Tamamı Video Çözümlü Marka Yayınları,90.0,kitapsec.com
2025 TYT Problemler Konu Özetli Yeni Nesil Soru Bankası Tamamı Video Çözümlü Marka Yayınları,60.0,kitapsec.com
Kronometre Paragraf Soru Bankası Limit Yayınları,266.0,kitapsec.com
2025 ÖSYM Soru Tipleriyle Paragrafın Ritmi Hamza Kaya Arı Yayıncılık,272.0,kitapsec.com
TYT AYT KPSS ALES DGS Paragraf Hız Soruları Hız ve Renk Yayınları,194.65,kitapsec.com
2025 TYT Türkçe Tamamı Video Çözümlü Soru Bankası Benim Hocam Yayınları,249.0,kitapsec.com
Tüm Zamanların Tüm Sınavları İçin Tecrübe Taktiklerle Paragraf Soru Bankası Pelikan Yayınevi,316.0,kitapsec.com
2025 TYT Coğrafya Tamamı Video Çözümlü Soru Bankası Benim Hocam Yayınları,186.5,kitapsec.com
2025 TYT Türkçe Soru Bankası Model Üç Dört Beş Yayınları,272.0,kitapsec.com
2025 TYT Paragraf Sıfır Risk Soru Bankası Video Çözümlü Üç Dört Beş Yayınları,269.0,kitapsec.com
2025 TYT Türkçe Soru Bankası Limit Yayınları,312.0,kitapsec.com
2025 TYT Matematik Tamamı Video Çözümlü Soru Bankası Benim Hocam Yayınları,277.9,kitapsec.com
2025 TYT Dil Bilgisi Konu Özetli Yeni Nesil Soru Bankası Tamamı Video Çözümlü Marka Yayınları,60.0,kitapsec.com
2025 TYT 3D Matematik Tamamı Video Çözümlü Soru Bankası 3D Yayınları,273.0,kitapsec.com
2025 TYT Fizik Soru Bankası Üç Dört Beş Yayınları,285.35,kitapsec.com
TYT Limit Dil Bilgisi Paragraf Soru Bankası ve Marka Dil Bilgisi 10 Paragraf 4 Deneme Seti Limit Yayınları,735.8,kitapsec.com
Tüm Adaylar İçin Taktiklerle Problemler Konu Anlatımlı Soru Bankası Benim Hocam Yayınları,192.0,kitapsec.com
2025 Model TYT Biyoloji Soru Bankası Üç Dört Beş Yayınları,249.9,kitapsec.com
TYT KPSS ALES DGS MSÜ Problemler Apotemi Yayınları,203.15,kitapsec.com
2025 TYT Kimya Tamamı Video Çözümlü Soru Bankası Benim Hocam Yayınları,238.9,kitapsec.com
2025 TYT Türkçe Edebiyat Soru Bankası ve 4x22 Paragraf Deneme Sınavı Seti Limit Yayınları,909.35,kitapsec.com
2025 TYT Kimya Soru Bankası Üç Dört Beş Yayınları,260.0,kitapsec.com
Hiç Problem Değil Antrenman Yayınları,228.0,kitapsec.com
TYT Problemler Soru Bankası Bilgi Sarmal Yayınları,161.0,kitapsec.com
TYT Kimya Soru Kitabı Palme Yayınevi,249.2,kitapsec.com
TYT Kimya Konu Özetli Tamamı Video Çözümlü Soru Bankası Aydın Yayınları,266.6,kitapsec.com
2025 TYT Türkçe Matematik Soru Bankası Seti Üç Dört Beş Yayınları,561.9,kitapsec.com
TYT Matematik Acil Problemler Acil Yayınları,165.75,kitapsec.com
TYT Biyoloji Soru Kitabı Palme Yayınları,209.3,kitapsec.com
2025 TYT Biyoloji Tamamı Çözümlü Soru Bankası Benim Hocam Yayınları,172.9,kitapsec.com
Üniversiteye Hazırlık Matematik Problemler Soru Bankası Çap Yayınları,165.75,kitapsec.com
%100 Yeni Nesil TYT Problemler Soru Bankası Fragman Yayınları,49.0,kitapsec.com
2025 TYT AYT Matematik Soru Bankası Seti ve Kırmızı Yeşil Deneme Sınavı Seti Üç Dört Beş Yayınları,609.0,kitapsec.com
TYT Kimya Konu Özetli Soru Bankası ve Kimya 15 Deneme Aydın Yayınları,291.4,kitapsec.com
TYT Biyoloji Biyotik Soru Bankası Biyotik Yayınları,279.65,kitapsec.com
TYT Türkçe Soru Bankası Bilgi Sarmal Yayınları,254.15,kitapsec.com
YKS TYT KPSS ALES Paragrafın Şifresi Metot Konu Anlatımlı Soru Bankası Mehmet Vicdan,217.5,kitapsec.com
2025 TYT Türkçe Soru Bankası ve Paragraf Konu Özetli Soru Bankası Seti Üç Dört Beş Yayınları,384.0,kitapsec.com
TYT Türkçe Soru Bankası ve Türkçe Çıkmış 6 Deneme Üç Dört Beş Yayınları,321.9,kitapsec.com
2025 TYT 3D Geometri Tamamı Video Çözümlü Soru Bankası 3D Yayınları,241.9,kitapsec.com
TYT Matematik Soru Bankası Bilgi Sarmal Yayınları,322.15,kitapsec.com
2025 TYT Yeni Nesil Paragraf Konu Özetli Soru Bankası ve 4x22 Paragraf Deneme Marka Yayınları,99.0,kitapsec.com
2025 TYT 3D Biyoloji Tamamı Video Çözümlü Soru Bankası 3D Yayınları,234.0,kitapsec.com
2025 Model TYT Coğrafya Soru Bankası Üç Dört Beş Yayınları,273.0,kitapsec.com
TYT Paragraf Soru Bankası Karekök Yayınları,221.0,kitapsec.com
Rüştü Hoca`yla Paragraf Soru Avı 101 Soru 101 Çözüm Pelikan Yayınları,60.0,kitapsec.com
2025 TYT 3D Türkçe Tamamı Video Çözümlü Soru Bankası 3D Yayınları,273.0,kitapsec.com
2025 TYT Matematik Soru Bankası Üç Dört Beş Yayınları,272.0,kitapsec.com
2025 TYT Paragraf Konu Özetli Yeni Nesil Soru Bankası Tamamı Video Çözümlü Marka Yayınları,90.0,kitapsec.com
2025 TYT Problemler Konu Özetli Yeni Nesil Soru Bankası Tamamı Video Çözümlü Marka Yayınları,60.0,kitapsec.com
Kronometre Paragraf Soru Bankası Limit Yayınları,266.0,kitapsec.com
2025 ÖSYM Soru Tipleriyle Paragrafın Ritmi Hamza Kaya Arı Yayıncılık,272.0,kitapsec.com
TYT AYT KPSS ALES DGS Paragraf Hız Soruları Hız ve Renk Yayınları,194.65,kitapsec.com
2025 TYT Türkçe Tamamı Video Çözümlü Soru Bankası Benim Hocam Yayınları,249.0,kitapsec.com
Tüm Zamanların Tüm Sınavları İçin Tecrübe Taktiklerle Paragraf Soru Bankası Pelikan Yayınevi,316.0,kitapsec.com
2025 TYT Coğrafya Tamamı Video Çözümlü Soru Bankası Benim Hocam Yayınları,186.5,kitapsec.com
2025 TYT Türkçe Soru Bankası Model Üç Dört Beş Yayınları,272.0,kitapsec.com
2025 TYT Paragraf Sıfır Risk Soru Bankası Video Çözümlü Üç Dört Beş Yayınları,269.0,kitapsec.com
2025 TYT Türkçe Soru Bankası Limit Yayınları,312.0,kitapsec.com
2025 TYT Matematik Tamamı Video Çözümlü Soru Bankası Benim Hocam Yayınları,277.9,kitapsec.com
2025 TYT Dil Bilgisi Konu Özetli Yeni Nesil Soru Bankası Tamamı Video Çözümlü Marka Yayınları,60.0,kitapsec.com
2025 TYT 3D Matematik Tamamı Video Çözümlü Soru Bankası 3D Yayınları,273.0,kitapsec.com
2025 TYT Fizik Soru Bankası Üç Dört Beş Yayınları,285.35,kitapsec.com
TYT Limit Dil Bilgisi Paragraf Soru Bankası ve Marka Dil Bilgisi 10 Paragraf 4 Deneme Seti Limit Yayınları,735.8,kitapsec.com
Tüm Adaylar İçin Taktiklerle Problemler Konu Anlatımlı Soru Bankası Benim Hocam Yayınları,192.0,kitapsec.com
2025 Model TYT Biyoloji Soru Bankası Üç Dört Beş Yayınları,249.9,kitapsec.com
TYT KPSS ALES DGS MSÜ Problemler Apotemi Yayınları,203.15,kitapsec.com
2025 TYT Kimya Tamamı Video Çözümlü Soru Bankası Benim Hocam Yayınları,238.9,kitapsec.com
2025 TYT Türkçe Edebiyat Soru Bankası ve 4x22 Paragraf Deneme Sınavı Seti Limit Yayınları,909.35,kitapsec.com
2025 TYT Kimya Soru Bankası Üç Dört Beş Yayınları,260.0,kitapsec.com
Hiç Problem Değil Antrenman Yayınları,228.0,kitapsec.com
TYT Problemler Soru Bankası Bilgi Sarmal Yayınları,161.0,kitapsec.com
TYT Kimya Soru Kitabı Palme Yayınevi,249.2,kitapsec.com
TYT Kimya Konu Özetli Tamamı Video Çözümlü Soru Bankası Aydın Yayınları,266.6,kitapsec.com
2025 TYT Türkçe Matematik Soru Bankası Seti Üç Dört Beş Yayınları,561.9,kitapsec.com
TYT Matematik Acil Problemler Acil Yayınları,165.75,kitapsec.com
TYT Biyoloji Soru Kitabı Palme Yayınları,209.3,kitapsec.com
2025 TYT Biyoloji Tamamı Çözümlü Soru Bankası Benim Hocam Yayınları,172.9,kitapsec.com
Üniversiteye Hazırlık Matematik Problemler Soru Bankası Çap Yayınları,165.75,kitapsec.com
%100 Yeni Nesil TYT Problemler Soru Bankası Fragman Yayınları,49.0,kitapsec.com
2025 TYT AYT Matematik Soru Bankası Seti ve Kırmızı Yeşil Deneme Sınavı Seti Üç Dört Beş Yayınları,609.0,kitapsec.com
TYT Kimya Konu Özetli Soru Bankası ve Kimya 15 Deneme Aydın Yayınları,291.4,kitapsec.com
TYT Biyoloji Biyotik Soru Bankası Biyotik Yayınları,279.65,kitapsec.com
TYT Türkçe Soru Bankası Bilgi Sarmal Yayınları,254.15,kitapsec.com
YKS TYT KPSS ALES Paragrafın Şifresi Metot Konu Anlatımlı Soru Bankası Mehmet Vicdan,217.5,kitapsec.com
2025 TYT Türkçe Soru Bankası ve Paragraf Konu Özetli Soru Bankası Seti Üç Dört Beş Yayınları,384.0,kitapsec.com
TYT Türkçe Soru Bankası ve Türkçe Çıkmış 6 Deneme Üç Dört Beş Yayınları,321.9,kitapsec.com
2025 TYT 3D Geometri Tamamı Video Çözümlü Soru Bankası 3D Yayınları,241.9,kitapsec.com
TYT Matematik Soru Bankası Bilgi Sarmal Yayınları,322.15,kitapsec.com
2025 TYT Yeni Nesil Paragraf Konu Özetli Soru Bankası ve 4x22 Paragraf Deneme Marka Yayınları,99.0,kitapsec.com
2025 TYT 3D Biyoloji Tamamı Video Çözümlü Soru Bankası 3D Yayınları,234.0,kitapsec.com
2025 Model TYT Coğrafya Soru Bankası Üç Dört Beş Yayınları,273.0,kitapsec.com
TYT Paragraf Soru Bankası Karekök Yayınları,221.0,kitapsec.com
Rüştü Hoca`yla Paragraf Soru Avı 101 Soru 101 Çözüm Pelikan Yayınları,60.0,kitapsec.com
2025 TYT 3D Türkçe Tamamı Video Çözümlü Soru Bankası 3D Yayınları,273.0,kitapsec.com
